<?xml version="1.0" encoding="UTF-8"?>
<add>
  <doc>
    <field name="id">s_2</field>
    <field name="sentence_txt">Principio igitur lineae conchoidis accidens certissimum est, nimirum, si per lineam Dinostrati transeat, eam per lineas rectas dividere in partes supra infraque aequales, propter motus lineae a summo, velut polo, basim permeantis; qui quidem motus familiam in hoc negozio, vel in primus ducit.</field>
    <field name="image_url">http://</field>
    <field name="sentence_id">s_2</field>
    <field name="image_id">s_2</field>
    <field name="info_sentence">s_2</field>
    <field name="info_image">s_2</field>
    <field name="nota">s_2</field>
    <field name="sentence_analysis">
      <w prog="1" form="principio" pos="n-s---nb-" lemma="principium" token="Principio" />
      <w prog="2" form="igitur" pos="c--------" lemma="igitur" token="igitur" />
      <w prog="3" form="lineae" pos="n-p---fn-" lemma="linea" token="lineae" />
      <w prog="4" form="conchoidis" pos="a-p---mb-" lemma="conchoidis*" token="conchoidis" />
      <w prog="5" form="accidens" pos="t-sppafn-" lemma="accido" token="accidens" />
      <w prog="6" form="certissimum" pos="n-s---ma-" lemma="certissimum*" token="certissimum" />
      <w prog="7" form="est" pos="v3spia---" lemma="sum" token="est" />
      <w prog="8" form="," pos="u--------" lemma=",*" token="," />
      <w prog="9" form="nimirum" pos="a-s---nn-" lemma="nimirum*" token="nimirum" />
      <w prog="10" form="," pos="u--------" lemma=",*" token="," />
      <w prog="11" form="si" pos="c--------" lemma="si" token="si" />
      <w prog="12" form="per" pos="r--------" lemma="per" token="per" />
      <w prog="13" form="lineam" pos="n-s---fa-" lemma="linea" token="lineam" />
      <w prog="14" form="dinostrati" pos="n-s---ng-" lemma="dinostrati*" token="Dinostrati" />
      <w prog="15" form="transeat" pos="v3spsa---" lemma="transeo" token="transeat" />
      <w prog="16" form="," pos="u--------" lemma=",*" token="," />
      <w prog="17" form="eam" pos="p-s---fa-" lemma="is" token="eam" />
      <w prog="18" form="per" pos="r--------" lemma="per" token="per" />
      <w prog="19" form="lineas" pos="n-p---fa-" lemma="linea" token="lineas" />
      <w prog="20" form="rectas" pos="t-prppfa-" lemma="rego" token="rectas" />
      <w prog="21" form="dividere" pos="v--pna---" lemma="divido" token="dividere" />
      <w prog="22" form="in" pos="r--------" lemma="in" token="in" />
      <w prog="23" form="partes" pos="n-p---fa-" lemma="pars" token="partes" />
      <w prog="24" form="supra" pos="r--------" lemma="supra" token="supra" />
      <w prog="25" form="infraque" pos="a-s---fb-" lemma="infraque*" token="infraque" />
      <w prog="26" form="aequales" pos="a-p---fa-" lemma="aequalis" token="aequales" />
      <w prog="27" form="," pos="u--------" lemma=",*" token="," />
      <w prog="28" form="propter" pos="r--------" lemma="propter" token="propter" />
      <w prog="29" form="motus" pos="n-s---mn-" lemma="motus" token="motus" />
      <w prog="30" form="lineae" pos="n-s---fg-" lemma="linea" token="lineae" />
      <w prog="31" form="a" pos="r--------" lemma="a*" token="a" />
      <w prog="32" form="summo" pos="n-s---mb-" lemma="summum" token="summo" />
      <w prog="33" form="," pos="u--------" lemma=",*" token="," />
      <w prog="34" form="velut" pos="d--------" lemma="velut*" token="velut" />
      <w prog="35" form="polo" pos="v1spia---" lemma="polo*" token="polo" />
      <w prog="36" form="," pos="u--------" lemma=",*" token="," />
      <w prog="37" form="basim" pos="d--------" lemma="basim*" token="basim" />
      <w prog="38" form="permeantis" pos="t-pppama-" lemma="permeantis*" token="permeantis" />
      <w prog="39" form=";" pos="n-s---fa-" lemma=";*" token=";" />
      <w prog="40" form="qui" pos="p-s---mn-" lemma="quis" token="qui" />
      <w prog="41" form="quidem" pos="d--------" lemma="quidem" token="quidem" />
      <w prog="42" form="motus" pos="t-srppmn-" lemma="moveo" token="motus" />
      <w prog="43" form="familiam" pos="n-s---fa-" lemma="familia" token="familiam" />
      <w prog="44" form="in" pos="r--------" lemma="in" token="in" />
      <w prog="45" form="hoc" pos="p-s---nb-" lemma="hic" token="hoc" />
      <w prog="46" form="negozio" pos="n-s---nb-" lemma="negozio*" token="negozio" />
      <w prog="47" form="," pos="u--------" lemma=",*" token="," />
      <w prog="48" form="vel" pos="c--------" lemma="vel*" token="vel" />
      <w prog="49" form="in" pos="r--------" lemma="in" token="in" />
      <w prog="50" form="primus" pos="a-s---mn-" lemma="primus" token="primus" />
      <w prog="51" form="ducit" pos="v3spia---" lemma="duco" token="ducit" />
      <w prog="52" form="." pos="u--------" lemma=".*" token="." />
    </field>
    <field name="sentence_analysis2">
      <w prog="1" form="principio" pos="n-s---nb-&#x9; (n-s---nb-)  (n-s---nd-) " lemma="principium" token="Principio" />
      <w prog="2" form="igitur" pos="c--------&#x9; (c--------) " lemma="igitur" token="igitur" />
      <w prog="3" form="lineae" pos="n-p---fn-&#x9; (n-p---fn-)  (n-p---fv-)  (n-s---fd-)  (n-s---fg-) " lemma="linea" token="lineae" />
      <w prog="4" form="conchoidis" pos="a-p---mb-&#x9;" lemma="conchoidis*" token="conchoidis" />
      <w prog="5" form="accidens" pos="t-sppafn-&#x9; (t-sp--fn-)  (t-sp--fv-)  (t-sp--mn-)  (t-sp--mv-)  (t-sp--na-)  (t-sp--nn-)  (t-sp--nv-)  (t-sp--fn-)  (t-sp--fv-)  (t-sp--mn-)  (t-sp--mv-)  (t-sp--na-)  (t-sp--nn-)  (t-sp--nv-) " lemma="accido" token="accidens" />
      <w prog="6" form="certissimum" pos="n-s---ma-&#x9;" lemma="certissimum*" token="certissimum" />
      <w prog="7" form="est" pos="v3spia---&#x9; (v2ppma---)  (v2ppia---)  (v3sfim---)  (v3spia---)  (v3slip---)  (v1sria---)  (v3sria---)  (v2ppma---)  (v2ppia---)  (v3sfim---)  (v3spia---)  (v3spia---)  (v3spia---) " lemma="sum" token="est" />
      <w prog="8" form="," pos="u--------&#x9;" lemma=",*" token="," />
      <w prog="9" form="nimirum" pos="a-s---nn-&#x9;" lemma="nimirum*" token="nimirum" />
      <w prog="10" form="," pos="u--------&#x9;" lemma=",*" token="," />
      <w prog="11" form="si" pos="c--------&#x9; (c--------)  (c--------)  (c--------)  (c--------)  (c--------) " lemma="si" token="si" />
      <w prog="12" form="per" pos="r--------&#x9; (r--------)  (r--------)  (r--------) " lemma="per" token="per" />
      <w prog="13" form="lineam" pos="n-s---fa-&#x9; (n-s---fa-) " lemma="linea" token="lineam" />
      <w prog="14" form="dinostrati" pos="n-s---ng-&#x9;" lemma="dinostrati*" token="Dinostrati" />
      <w prog="15" form="transeat" pos="v3spsa---&#x9; (v3spsa---) " lemma="transeo" token="transeat" />
      <w prog="16" form="," pos="u--------&#x9;" lemma=",*" token="," />
      <w prog="17" form="eam" pos="p-s---fa-&#x9; (p-s---fa-) " lemma="is" token="eam" />
      <w prog="18" form="per" pos="r--------&#x9; (r--------)  (r--------)  (r--------) " lemma="per" token="per" />
      <w prog="19" form="lineas" pos="n-p---fa-&#x9; (n-p---fa-) " lemma="linea" token="lineas" />
      <w prog="20" form="rectas" pos="t-prppfa-&#x9; (t-pr-pfa-)  (t-pr-pfa-) " lemma="rego" token="rectas" />
      <w prog="21" form="dividere" pos="v--pna---&#x9; (v2sfip---)  (v2spmp---)  (v2spip---)  (v--pna---) " lemma="divido" token="dividere" />
      <w prog="22" form="in" pos="r--------&#x9; (r--------) " lemma="in" token="in" />
      <w prog="23" form="partes" pos="n-p---fa-&#x9; (n-p---fa-)  (n-p---fn-)  (n-p---fv-) " lemma="pars" token="partes" />
      <w prog="24" form="supra" pos="r--------&#x9; (r--------)  (r--------) " lemma="supra" token="supra" />
      <w prog="25" form="infraque" pos="a-s---fb-&#x9;" lemma="infraque*" token="infraque" />
      <w prog="26" form="aequales" pos="a-p---fa-&#x9; (a-p---fa-)  (a-p---fn-)  (a-p---fv-)  (a-p---ma-)  (a-p---mn-)  (a-p---mv-) " lemma="aequalis" token="aequales" />
      <w prog="27" form="," pos="u--------&#x9;" lemma=",*" token="," />
      <w prog="28" form="propter" pos="r--------&#x9; (r--------)  (r--------) " lemma="propter" token="propter" />
      <w prog="29" form="motus" pos="n-s---mn-&#x9; (n-p---ma-)  (n-p---mn-)  (n-s---mg-)  (n-s---mn-) " lemma="motus" token="motus" />
      <w prog="30" form="lineae" pos="n-s---fg-&#x9; (n-p---fn-)  (n-p---fv-)  (n-s---fd-)  (n-s---fg-) " lemma="linea" token="lineae" />
      <w prog="31" form="a" pos="r--------&#x9;" lemma="a*" token="a" />
      <w prog="32" form="summo" pos="n-s---mb-&#x9; (n-s---mb-)  (n-s---md-)  (n-s---nb-)  (n-s---nd-) " lemma="summum" token="summo" />
      <w prog="33" form="," pos="u--------&#x9;" lemma=",*" token="," />
      <w prog="34" form="velut" pos="d--------&#x9;" lemma="velut*" token="velut" />
      <w prog="35" form="polo" pos="v1spia---&#x9;" lemma="polo*" token="polo" />
      <w prog="36" form="," pos="u--------&#x9;" lemma=",*" token="," />
      <w prog="37" form="basim" pos="d--------&#x9;" lemma="basim*" token="basim" />
      <w prog="38" form="permeantis" pos="t-pppama-&#x9;" lemma="permeantis*" token="permeantis" />
      <w prog="39" form=";" pos="n-s---fa-&#x9;" lemma=";*" token=";" />
      <w prog="40" form="qui" pos="p-s---mn-&#x9; (p-p---mn-)  (p-s---mn-)  (p-p---mn-)  (p-s---mn-)  (p-p---mn-)  (p-p---mn-) " lemma="quis" token="qui" />
      <w prog="41" form="quidem" pos="d--------&#x9; (d--------) " lemma="quidem" token="quidem" />
      <w prog="42" form="motus" pos="t-srppmn-&#x9; (t-sr-pmn-) " lemma="moveo" token="motus" />
      <w prog="43" form="familiam" pos="n-s---fa-&#x9; (n-s---fa-) " lemma="familia" token="familiam" />
      <w prog="44" form="in" pos="r--------&#x9; (r--------) " lemma="in" token="in" />
      <w prog="45" form="hoc" pos="p-s---nb-&#x9; (p-s---mb-)  (p-s---mb-)  (p-s---nb-)  (p-s---nb-)  (p-s---na-)  (p-s---na-)  (p-s---nn-)  (p-s---nn-) " lemma="hic" token="hoc" />
      <w prog="46" form="negozio" pos="n-s---nb-&#x9;" lemma="negozio*" token="negozio" />
      <w prog="47" form="," pos="u--------&#x9;" lemma=",*" token="," />
      <w prog="48" form="vel" pos="c--------&#x9;" lemma="vel*" token="vel" />
      <w prog="49" form="in" pos="r--------&#x9; (r--------) " lemma="in" token="in" />
      <w prog="50" form="primus" pos="a-s---mn-&#x9; (a-s---mn-) " lemma="primus" token="primus" />
      <w prog="51" form="ducit" pos="v3spia---&#x9; (v3spia---) " lemma="duco" token="ducit" />
      <w prog="52" form="." pos="u--------&#x9;" lemma=".*" token="." />
    </field>
  </doc>
</add>
