<?xml version="1.0" encoding="UTF-8"?>
<add>
  <doc>
    <field name="id">s_3</field>
    <field name="sentence_txt">Certum quoque est punctum, quod aequidistantiae dicitur nempe g esse in linea conchoide, utpote ipsam describens.</field>
    <field name="image_url">http://</field>
    <field name="sentence_id">s_3</field>
    <field name="image_id">s_3</field>
    <field name="info_sentence">s_3</field>
    <field name="info_image">s_3</field>
    <field name="nota">s_3</field>
    <field name="sentence_analysis">
      <w prog="1" form="certum" pos="n-s---ma-" lemma="certus" token="Certum" />
      <w prog="2" form="quoque" pos="d--------" lemma="quoque" token="quoque" />
      <w prog="3" form="est" pos="v3spia---" lemma="sum" token="est" />
      <w prog="4" form="punctum" pos="t-srppma-" lemma="pungo" token="punctum" />
      <w prog="5" form="," pos="u--------" lemma=",*" token="," />
      <w prog="6" form="quod" pos="c--------" lemma="quod*" token="quod" />
      <w prog="7" form="aequidistantiae" pos="n-s---fg-" lemma="aequidistantiae*" token="aequidistantiae" />
      <w prog="8" form="dicitur" pos="v3spip---" lemma="dico" token="dicitur" />
      <w prog="9" form="nempe" pos="n-s---fb-" lemma="nempe*" token="nempe" />
      <w prog="10" form="g" pos="n-s---mn-" lemma="g*" token="g" />
      <w prog="11" form="esse" pos="v--pna---" lemma="sum" token="esse" />
      <w prog="12" form="in" pos="r--------" lemma="in" token="in" />
      <w prog="13" form="linea" pos="a-s---fb-" lemma="lineus" token="linea" />
      <w prog="14" form="conchoide" pos="n-s---fb-" lemma="conchoide*" token="conchoide" />
      <w prog="15" form="," pos="u--------" lemma=",*" token="," />
      <w prog="16" form="utpote" pos="d--------" lemma="utpote" token="utpote" />
      <w prog="17" form="ipsam" pos="p-s---fa-" lemma="ipse" token="ipsam" />
      <w prog="18" form="describens" pos="a-s---fn-" lemma="describens*" token="describens" />
      <w prog="19" form="." pos="u--------" lemma=".*" token="." />
    </field>
    <field name="sentence_analysis2">
      <w prog="1" form="certum" pos="n-s---ma-&#x9; (n-p---mg-)  (n-s---ma-) " lemma="certus" token="Certum" />
      <w prog="2" form="quoque" pos="d--------&#x9; (d--------)  (d--------) " lemma="quoque" token="quoque" />
      <w prog="3" form="est" pos="v3spia---&#x9; (v2ppma---)  (v2ppia---)  (v3sfim---)  (v3spia---)  (v3slip---)  (v1sria---)  (v3sria---)  (v2ppma---)  (v2ppia---)  (v3sfim---)  (v3spia---)  (v3spia---)  (v3spia---) " lemma="sum" token="est" />
      <w prog="4" form="punctum" pos="t-srppma-&#x9; (t-pr-pmg-)  (t-pr-png-)  (t-sr-pma-)  (t-sr-pna-)  (t-sr-pnn-)  (t-sr-pnv-) " lemma="pungo" token="punctum" />
      <w prog="5" form="," pos="u--------&#x9;" lemma=",*" token="," />
      <w prog="6" form="quod" pos="c--------&#x9;" lemma="quod*" token="quod" />
      <w prog="7" form="aequidistantiae" pos="n-s---fg-&#x9;" lemma="aequidistantiae*" token="aequidistantiae" />
      <w prog="8" form="dicitur" pos="v3spip---&#x9; (v3spip---) " lemma="dico" token="dicitur" />
      <w prog="9" form="nempe" pos="n-s---fb-&#x9;" lemma="nempe*" token="nempe" />
      <w prog="10" form="g" pos="n-s---mn-&#x9;" lemma="g*" token="g" />
      <w prog="11" form="esse" pos="v--pna---&#x9; (v3saia---)  (v--pna---)  (v--pna---) " lemma="sum" token="esse" />
      <w prog="12" form="in" pos="r--------&#x9; (r--------) " lemma="in" token="in" />
      <w prog="13" form="linea" pos="a-s---fb-&#x9; (a-d---fa-)  (a-d---fn-)  (a-d---fv-)  (a-p---na-)  (a-p---nn-)  (a-p---nv-)  (a-s---fn-)  (a-s---fv-)  (a-p---na-)  (a-p---nn-)  (a-p---nv-)  (a-s---fb-)  (a-s---fn-)  (a-s---fv-) " lemma="lineus" token="linea" />
      <w prog="14" form="conchoide" pos="n-s---fb-&#x9;" lemma="conchoide*" token="conchoide" />
      <w prog="15" form="," pos="u--------&#x9;" lemma=",*" token="," />
      <w prog="16" form="utpote" pos="d--------&#x9; (d--------) " lemma="utpote" token="utpote" />
      <w prog="17" form="ipsam" pos="p-s---fa-&#x9; (p-s---fa-) " lemma="ipse" token="ipsam" />
      <w prog="18" form="describens" pos="a-s---fn-&#x9;" lemma="describens*" token="describens" />
      <w prog="19" form="." pos="u--------&#x9;" lemma=".*" token="." />
    </field>
  </doc>
</add>
