<?xml version="1.0" encoding="UTF-8"?>
<add>
  <doc>
    <field name="id">s_5</field>
    <field name="sentence_txt">age enim punctum illud, estne certa proportione descriptum, an sit extempore notatum, ut fieri solet, lineae complendae caussa?</field>
    <field name="image_url">http://</field>
    <field name="sentence_id">s_5</field>
    <field name="image_id">s_5</field>
    <field name="info_sentence">s_5</field>
    <field name="info_image">s_5</field>
    <field name="nota">s_5</field>
    <field name="sentence_analysis">
      <w prog="1" form="age" pos="v2spma---" lemma="ago" token="age" />
      <w prog="2" form="enim" pos="c--------" lemma="enim" token="enim" />
      <w prog="3" form="punctum" pos="n-s---na-" lemma="pungo" token="punctum" />
      <w prog="4" form="illud" pos="p-s---na-" lemma="ille" token="illud" />
      <w prog="5" form="," pos="u--------" lemma=",*" token="," />
      <w prog="6" form="estne" pos="n-s---fb-" lemma="estne*" token="estne" />
      <w prog="7" form="certa" pos="a-s---fb-" lemma="certus" token="certa" />
      <w prog="8" form="proportione" pos="n-s---fb-" lemma="proportio" token="proportione" />
      <w prog="9" form="descriptum" pos="t-srppma-" lemma="describo" token="descriptum" />
      <w prog="10" form="," pos="u--------" lemma=",*" token="," />
      <w prog="11" form="an" pos="c--------" lemma="an" token="an" />
      <w prog="12" form="sit" pos="v3spsa---" lemma="sum" token="sit" />
      <w prog="13" form="extempore" pos="n-s---mb-" lemma="extempore*" token="extempore" />
      <w prog="14" form="notatum" pos="n-s---ma-" lemma="noto" token="notatum" />
      <w prog="15" form="," pos="u--------" lemma=",*" token="," />
      <w prog="16" form="ut" pos="c--------" lemma="ut*" token="ut" />
      <w prog="17" form="fieri" pos="v--pnp---" lemma="fio" token="fieri" />
      <w prog="18" form="solet" pos="v3spia---" lemma="soleo" token="solet" />
      <w prog="19" form="," pos="u--------" lemma=",*" token="," />
      <w prog="20" form="lineae" pos="a-s---fg-" lemma="lineus" token="lineae" />
      <w prog="21" form="complendae" pos="t-spgpfg-" lemma="complendae*" token="complendae" />
      <w prog="22" form="caussa" pos="n-s---fb-" lemma="causa" token="caussa" />
      <w prog="23" form="?" pos="v3sria---" lemma="?*" token="?" />
    </field>
    <field name="sentence_analysis2">
      <w prog="1" form="age" pos="v2spma---&#x9; (v2spma---)  (v3siia---)  (v2spma---)  (v3siia---)  (v2spma---)  (v3siia---)  (v2spma---)  (v3siia---)  (v2spma---)  (v3siia---)  (v2spma---) " lemma="ago" token="age" />
      <w prog="2" form="enim" pos="c--------&#x9; (c--------) " lemma="enim" token="enim" />
      <w prog="3" form="punctum" pos="n-s---na-&#x9; (n-p---ng-)  (n-s---na-)  (n-s---nn-)  (n-s---nv-)  (n-s-u-nn-) " lemma="pungo" token="punctum" />
      <w prog="4" form="illud" pos="p-s---na-&#x9; (p-s---na-)  (p-s---nn-) " lemma="ille" token="illud" />
      <w prog="5" form="," pos="u--------&#x9;" lemma=",*" token="," />
      <w prog="6" form="estne" pos="n-s---fb-&#x9;" lemma="estne*" token="estne" />
      <w prog="7" form="certa" pos="a-s---fb-&#x9; (a-p---na-)  (a-p---nn-)  (a-p---nv-)  (a-s---fb-)  (a-s---fn-)  (a-s---fv-) " lemma="certus" token="certa" />
      <w prog="8" form="proportione" pos="n-s---fb-&#x9; (n-s---fb-) " lemma="proportio" token="proportione" />
      <w prog="9" form="descriptum" pos="t-srppma-&#x9; (t-pr-pmg-)  (t-pr-png-)  (t-sr-pma-)  (t-sr-pna-)  (t-sr-pnn-)  (t-sr-pnv-) " lemma="describo" token="descriptum" />
      <w prog="10" form="," pos="u--------&#x9;" lemma=",*" token="," />
      <w prog="11" form="an" pos="c--------&#x9; (c--------)  (c--------)  (c--------)  (c--------)  (c--------)  (c--------)  (c--------)  (c--------)  (c--------) " lemma="an" token="an" />
      <w prog="12" form="sit" pos="v3spsa---&#x9; (v3spsa---) " lemma="sum" token="sit" />
      <w prog="13" form="extempore" pos="n-s---mb-&#x9;" lemma="extempore*" token="extempore" />
      <w prog="14" form="notatum" pos="n-s---ma-&#x9; (n-s-u-nn-) " lemma="noto" token="notatum" />
      <w prog="15" form="," pos="u--------&#x9;" lemma=",*" token="," />
      <w prog="16" form="ut" pos="c--------&#x9;" lemma="ut*" token="ut" />
      <w prog="17" form="fieri" pos="v--pnp---&#x9; (v--pnp---) " lemma="fio" token="fieri" />
      <w prog="18" form="solet" pos="v3spia---&#x9; (v3spia---) " lemma="soleo" token="solet" />
      <w prog="19" form="," pos="u--------&#x9;" lemma=",*" token="," />
      <w prog="20" form="lineae" pos="a-s---fg-&#x9; (a-p---fn-)  (a-p---fv-)  (a-s---fd-)  (a-s---fg-) " lemma="lineus" token="lineae" />
      <w prog="21" form="complendae" pos="t-spgpfg-&#x9;" lemma="complendae*" token="complendae" />
      <w prog="22" form="caussa" pos="n-s---fb-&#x9; (n-s---fb-)  (n-s---fn-)  (n-s---fv-) " lemma="causa" token="caussa" />
      <w prog="23" form="?" pos="v3sria---&#x9;" lemma="?*" token="?" />
    </field>
  </doc>
</add>
