<?xml version="1.0" encoding="UTF-8"?>
<add>
  <doc>
    <field name="id">s_7</field>
    <field name="sentence_txt">linea etenim Dinostrati, nequaquam, ne secundum nota quidem puncta geometrice sine demonstratione, describi potest, nedum secundum ignota, cuiusmodi est punctum</field>
    <field name="image_url">http://</field>
    <field name="sentence_id">s_7</field>
    <field name="image_id">s_7</field>
    <field name="info_sentence">s_7</field>
    <field name="info_image">s_7</field>
    <field name="nota">s_7</field>
    <field name="sentence_analysis">
      <w prog="1" form="linea" pos="a-s---fb-" lemma="lineus" token="linea" />
      <w prog="2" form="etenim" pos="c--------" lemma="etenim" token="etenim" />
      <w prog="3" form="dinostrati" pos="t-prppmn-" lemma="dinostrati*" token="Dinostrati" />
      <w prog="4" form="," pos="u--------" lemma=",*" token="," />
      <w prog="5" form="nequaquam" pos="---------" lemma="nequaquam*" token="nequaquam" />
      <w prog="6" form="," pos="u--------" lemma=",*" token="," />
      <w prog="7" form="ne" pos="c--------" lemma="ne" token="ne" />
      <w prog="8" form="secundum" pos="r--------" lemma="secundum" token="secundum" />
      <w prog="9" form="nota" pos="a-p---na-" lemma="Notus" token="nota" />
      <w prog="10" form="quidem" pos="d--------" lemma="quidem" token="quidem" />
      <w prog="11" form="puncta" pos="a-s---fb-" lemma="puncta*" token="puncta" />
      <w prog="12" form="geometrice" pos="n-s---fb-" lemma="geometrice*" token="geometrice" />
      <w prog="13" form="sine" pos="r--------" lemma="sine" token="sine" />
      <w prog="14" form="demonstratione" pos="n-s---fb-" lemma="demonstratio" token="demonstratione" />
      <w prog="15" form="," pos="u--------" lemma=",*" token="," />
      <w prog="16" form="describi" pos="d--------" lemma="describi*" token="describi" />
      <w prog="17" form="potest" pos="v3spia---" lemma="possum" token="potest" />
      <w prog="18" form="," pos="u--------" lemma=",*" token="," />
      <w prog="19" form="nedum" pos="c--------" lemma="nedum" token="nedum" />
      <w prog="20" form="secundum" pos="r--------" lemma="secundum" token="secundum" />
      <w prog="21" form="ignota" pos="n-s---fb-" lemma="ignota*" token="ignota" />
      <w prog="22" form="," pos="u--------" lemma=",*" token="," />
      <w prog="23" form="cuiusmodi" pos="d--------" lemma="cuiusmodi*" token="cuiusmodi" />
      <w prog="24" form="est" pos="v3spia---" lemma="sum" token="est" />
      <w prog="25" form="punctum" pos="t-srppnn-" lemma="pungo" token="punctum" />
    </field>
    <field name="sentence_analysis2">
      <w prog="1" form="linea" pos="a-s---fb-&#x9; (a-d---fa-)  (a-d---fn-)  (a-d---fv-)  (a-p---na-)  (a-p---nn-)  (a-p---nv-)  (a-s---fn-)  (a-s---fv-)  (a-p---na-)  (a-p---nn-)  (a-p---nv-)  (a-s---fb-)  (a-s---fn-)  (a-s---fv-) " lemma="lineus" token="linea" />
      <w prog="2" form="etenim" pos="c--------&#x9; (c--------) " lemma="etenim" token="etenim" />
      <w prog="3" form="dinostrati" pos="t-prppmn-&#x9;" lemma="dinostrati*" token="Dinostrati" />
      <w prog="4" form="," pos="u--------&#x9;" lemma=",*" token="," />
      <w prog="5" form="nequaquam" pos="---------&#x9;" lemma="nequaquam*" token="nequaquam" />
      <w prog="6" form="," pos="u--------&#x9;" lemma=",*" token="," />
      <w prog="7" form="ne" pos="c--------&#x9; (c--------) " lemma="ne" token="ne" />
      <w prog="8" form="secundum" pos="r--------&#x9; (r--------) " lemma="secundum" token="secundum" />
      <w prog="9" form="nota" pos="a-p---na-&#x9; (a-p---na-)  (a-p---na-)  (a-p---nn-)  (a-p---nn-)  (a-p---nv-)  (a-p---nv-)  (a-s---fb-)  (a-s---fb-)  (a-s---fn-)  (a-s---fn-)  (a-s---fv-)  (a-s---fv-) " lemma="Notus" token="nota" />
      <w prog="10" form="quidem" pos="d--------&#x9; (d--------) " lemma="quidem" token="quidem" />
      <w prog="11" form="puncta" pos="a-s---fb-&#x9;" lemma="puncta*" token="puncta" />
      <w prog="12" form="geometrice" pos="n-s---fb-&#x9;" lemma="geometrice*" token="geometrice" />
      <w prog="13" form="sine" pos="r--------&#x9; (r--------) " lemma="sine" token="sine" />
      <w prog="14" form="demonstratione" pos="n-s---fb-&#x9; (n-s---fb-) " lemma="demonstratio" token="demonstratione" />
      <w prog="15" form="," pos="u--------&#x9;" lemma=",*" token="," />
      <w prog="16" form="describi" pos="d--------&#x9;" lemma="describi*" token="describi" />
      <w prog="17" form="potest" pos="v3spia---&#x9; (v3spia---) " lemma="possum" token="potest" />
      <w prog="18" form="," pos="u--------&#x9;" lemma=",*" token="," />
      <w prog="19" form="nedum" pos="c--------&#x9; (c--------) " lemma="nedum" token="nedum" />
      <w prog="20" form="secundum" pos="r--------&#x9; (r--------) " lemma="secundum" token="secundum" />
      <w prog="21" form="ignota" pos="n-s---fb-&#x9;" lemma="ignota*" token="ignota" />
      <w prog="22" form="," pos="u--------&#x9;" lemma=",*" token="," />
      <w prog="23" form="cuiusmodi" pos="d--------&#x9;" lemma="cuiusmodi*" token="cuiusmodi" />
      <w prog="24" form="est" pos="v3spia---&#x9; (v2ppma---)  (v2ppia---)  (v3sfim---)  (v3spia---)  (v3slip---)  (v1sria---)  (v3sria---)  (v2ppma---)  (v2ppia---)  (v3sfim---)  (v3spia---)  (v3spia---)  (v3spia---) " lemma="sum" token="est" />
      <w prog="25" form="punctum" pos="t-srppnn-&#x9; (t-pr-pmg-)  (t-pr-png-)  (t-sr-pma-)  (t-sr-pna-)  (t-sr-pnn-)  (t-sr-pnv-) " lemma="pungo" token="punctum" />
    </field>
  </doc>
</add>
