<?xml version="1.0" encoding="UTF-8"?>
<add>
  <doc>
    <field name="id">s_12</field>
    <field name="sentence_txt">Quamobrem tuarum partium est, optime magister, quoniam praeclaram hanc segetem tanta dexteritate sevisti, et rigasti, tandem ad maturitatem perductam, humano genere invisendam communices.</field>
    <field name="image_url">http://</field>
    <field name="sentence_id">s_12</field>
    <field name="image_id">s_12</field>
    <field name="info_sentence">s_12</field>
    <field name="info_image">s_12</field>
    <field name="nota">s_12</field>
    <field name="sentence_analysis">
      <w prog="1" form="quamobrem" pos="n-s---fa-" lemma="quamobrem*" token="Quamobrem" />
      <w prog="2" form="tuarum" pos="a-p---fg-" lemma="tuus" token="tuarum" />
      <w prog="3" form="partium" pos="n-p---fg-" lemma="pars" token="partium" />
      <w prog="4" form="est" pos="v3spia---" lemma="sum" token="est" />
      <w prog="5" form="," pos="u--------" lemma=",*" token="," />
      <w prog="6" form="optime" pos="d--------" lemma="optume" token="optime" />
      <w prog="7" form="magister" pos="n-s---mn-" lemma="magister" token="magister" />
      <w prog="8" form="," pos="u--------" lemma=",*" token="," />
      <w prog="9" form="quoniam" pos="c--------" lemma="quoniam*" token="quoniam" />
      <w prog="10" form="praeclaram" pos="a-s---fa-" lemma="praeclarus" token="praeclaram" />
      <w prog="11" form="hanc" pos="p-s---fa-" lemma="hic" token="hanc" />
      <w prog="12" form="segetem" pos="n-s---fa-" lemma="seges" token="segetem" />
      <w prog="13" form="tanta" pos="a-s---fb-" lemma="tantus" token="tanta" />
      <w prog="14" form="dexteritate" pos="n-s---fb-" lemma="dexteritas" token="dexteritate" />
      <w prog="15" form="sevisti" pos="t-prppmn-" lemma="sevisti*" token="sevisti" />
      <w prog="16" form="," pos="u--------" lemma=",*" token="," />
      <w prog="17" form="et" pos="c--------" lemma="et" token="et" />
      <w prog="18" form="rigasti" pos="v2sria---" lemma="rigasti*" token="rigasti" />
      <w prog="19" form="," pos="u--------" lemma=",*" token="," />
      <w prog="20" form="tandem" pos="d--------" lemma="tandem" token="tandem" />
      <w prog="21" form="ad" pos="r--------" lemma="ad" token="ad" />
      <w prog="22" form="maturitatem" pos="n-s---fa-" lemma="maturitas" token="maturitatem" />
      <w prog="23" form="perductam" pos="a-s---fa-" lemma="perductam*" token="perductam" />
      <w prog="24" form="," pos="u--------" lemma=",*" token="," />
      <w prog="25" form="humano" pos="a-s---nb-" lemma="humanus" token="humano" />
      <w prog="26" form="genere" pos="n-s---nb-" lemma="genus" token="genere" />
      <w prog="27" form="invisendam" pos="d--------" lemma="invisendam*" token="invisendam" />
      <w prog="28" form="communices" pos="n-p---fa-" lemma="communices*" token="communices" />
      <w prog="29" form="." pos="u--------" lemma=".*" token="." />
    </field>
    <field name="sentence_analysis2">
      <w prog="1" form="quamobrem" pos="n-s---fa-&#x9;" lemma="quamobrem*" token="Quamobrem" />
      <w prog="2" form="tuarum" pos="a-p---fg-&#x9; (a-p---fg-) " lemma="tuus" token="tuarum" />
      <w prog="3" form="partium" pos="n-p---fg-&#x9; (n-p---fg-) " lemma="pars" token="partium" />
      <w prog="4" form="est" pos="v3spia---&#x9; (v2ppma---)  (v2ppia---)  (v3sfim---)  (v3spia---)  (v3slip---)  (v1sria---)  (v3sria---)  (v2ppma---)  (v2ppia---)  (v3sfim---)  (v3spia---)  (v3spia---)  (v3spia---) " lemma="sum" token="est" />
      <w prog="5" form="," pos="u--------&#x9;" lemma=",*" token="," />
      <w prog="6" form="optime" pos="d--------&#x9; (d--------)  (d--------)  (d--------)  (d--------) " lemma="optume" token="optime" />
      <w prog="7" form="magister" pos="n-s---mn-&#x9; (n-s---mn-)  (n-s---mv-) " lemma="magister" token="magister" />
      <w prog="8" form="," pos="u--------&#x9;" lemma=",*" token="," />
      <w prog="9" form="quoniam" pos="c--------&#x9;" lemma="quoniam*" token="quoniam" />
      <w prog="10" form="praeclaram" pos="a-s---fa-&#x9; (a-s---fa-) " lemma="praeclarus" token="praeclaram" />
      <w prog="11" form="hanc" pos="p-s---fa-&#x9; (p-s---fa-)  (p-s---fa-) " lemma="hic" token="hanc" />
      <w prog="12" form="segetem" pos="n-s---fa-&#x9; (n-s---fa-) " lemma="seges" token="segetem" />
      <w prog="13" form="tanta" pos="a-s---fb-&#x9; (a-p---na-)  (a-p---nn-)  (a-p---nv-)  (a-s---fb-)  (a-s---fn-)  (a-s---fv-) " lemma="tantus" token="tanta" />
      <w prog="14" form="dexteritate" pos="n-s---fb-&#x9; (n-s---fb-) " lemma="dexteritas" token="dexteritate" />
      <w prog="15" form="sevisti" pos="t-prppmn-&#x9;" lemma="sevisti*" token="sevisti" />
      <w prog="16" form="," pos="u--------&#x9;" lemma=",*" token="," />
      <w prog="17" form="et" pos="c--------&#x9; (c--------) " lemma="et" token="et" />
      <w prog="18" form="rigasti" pos="v2sria---&#x9;" lemma="rigasti*" token="rigasti" />
      <w prog="19" form="," pos="u--------&#x9;" lemma=",*" token="," />
      <w prog="20" form="tandem" pos="d--------&#x9; (d--------) " lemma="tandem" token="tandem" />
      <w prog="21" form="ad" pos="r--------&#x9; (r--------) " lemma="ad" token="ad" />
      <w prog="22" form="maturitatem" pos="n-s---fa-&#x9; (n-s---fa-) " lemma="maturitas" token="maturitatem" />
      <w prog="23" form="perductam" pos="a-s---fa-&#x9;" lemma="perductam*" token="perductam" />
      <w prog="24" form="," pos="u--------&#x9;" lemma=",*" token="," />
      <w prog="25" form="humano" pos="a-s---nb-&#x9; (a-s---mb-)  (a-s---md-)  (a-s---nb-)  (a-s---nd-) " lemma="humanus" token="humano" />
      <w prog="26" form="genere" pos="n-s---nb-&#x9; (n-s---mv-)  (n-s---nb-) " lemma="genus" token="genere" />
      <w prog="27" form="invisendam" pos="d--------&#x9;" lemma="invisendam*" token="invisendam" />
      <w prog="28" form="communices" pos="n-p---fa-&#x9;" lemma="communices*" token="communices" />
      <w prog="29" form="." pos="u--------&#x9;" lemma=".*" token="." />
    </field>
  </doc>
</add>
