<?xml version="1.0" encoding="UTF-8"?>
<add>
  <doc>
    <field name="id">s_10</field>
    <field name="sentence_txt">ex quo sequitur nondum penitus adsolutum esse libellum de inventione puncti ultimi quod tum scripsi; quamvis a perfectione non longe absit verum ego de securitate geometrica loquor.</field>
    <field name="image_url">http://</field>
    <field name="sentence_id">s_10</field>
    <field name="image_id">s_10</field>
    <field name="info_sentence">s_10</field>
    <field name="info_image">s_10</field>
    <field name="nota">s_10</field>
    <field name="sentence_analysis">
      <w prog="1" form="ex" pos="r--------" lemma="ex" token="ex" />
      <w prog="2" form="quo" pos="p-s---mb-" lemma="quis" token="quo" />
      <w prog="3" form="sequitur" pos="v3spip---" lemma="sequor" token="sequitur" />
      <w prog="4" form="nondum" pos="d--------" lemma="nondum*" token="nondum" />
      <w prog="5" form="penitus" pos="d--------" lemma="penitus*" token="penitus" />
      <w prog="6" form="adsolutum" pos="t-srppma-" lemma="adsolutum*" token="adsolutum" />
      <w prog="7" form="esse" pos="v--pna---" lemma="sum" token="esse" />
      <w prog="8" form="libellum" pos="n-s---ma-" lemma="libellus" token="libellum" />
      <w prog="9" form="de" pos="r--------" lemma="de" token="de" />
      <w prog="10" form="inventione" pos="n-s---fb-" lemma="inventio" token="inventione" />
      <w prog="11" form="puncti" pos="t-prppmn-" lemma="pungo" token="puncti" />
      <w prog="12" form="ultimi" pos="a-p---mn-" lemma="ultimi*" token="ultimi" />
      <w prog="13" form="quod" pos="c--------" lemma="quod*" token="quod" />
      <w prog="14" form="tum" pos="d--------" lemma="tum" token="tum" />
      <w prog="15" form="scripsi" pos="t-prppmn-" lemma="scripsi*" token="scripsi" />
      <w prog="16" form=";" pos="d--------" lemma=";*" token=";" />
      <w prog="17" form="quamvis" pos="d--------" lemma="quamvis" token="quamvis" />
      <w prog="18" form="a" pos="r--------" lemma="a*" token="a" />
      <w prog="19" form="perfectione" pos="n-s---fb-" lemma="perfectio" token="perfectione" />
      <w prog="20" form="non" pos="d--------" lemma="non" token="non" />
      <w prog="21" form="longe" pos="d--------" lemma="longus" token="longe" />
      <w prog="22" form="absit" pos="v3sria---" lemma="absum" token="absit" />
      <w prog="23" form="verum" pos="c--------" lemma="verum*" token="verum" />
      <w prog="24" form="ego" pos="p-s---mn-" lemma="ego" token="ego" />
      <w prog="25" form="de" pos="r--------" lemma="de" token="de" />
      <w prog="26" form="securitate" pos="n-s---fb-" lemma="securitas" token="securitate" />
      <w prog="27" form="geometrica" pos="n-p---na-" lemma="geometrica*" token="geometrica" />
      <w prog="28" form="loquor" pos="v1spip---" lemma="loquor" token="loquor" />
      <w prog="29" form="." pos="u--------" lemma=".*" token="." />
    </field>
    <field name="sentence_analysis2">
      <w prog="1" form="ex" pos="r--------&#x9; (r--------) " lemma="ex" token="ex" />
      <w prog="2" form="quo" pos="p-s---mb-&#x9; (p-s---mb-)  (p-s---nb-)  (p-s---fb-)  (p-s---mb-)  (p-s---nb-)  (p-s---fb-)  (p-s---mb-)  (p-s---nb-) " lemma="quis" token="quo" />
      <w prog="3" form="sequitur" pos="v3spip---&#x9; (v3spip---) " lemma="sequor" token="sequitur" />
      <w prog="4" form="nondum" pos="d--------&#x9;" lemma="nondum*" token="nondum" />
      <w prog="5" form="penitus" pos="d--------&#x9;" lemma="penitus*" token="penitus" />
      <w prog="6" form="adsolutum" pos="t-srppma-&#x9;" lemma="adsolutum*" token="adsolutum" />
      <w prog="7" form="esse" pos="v--pna---&#x9; (v3saia---)  (v--pna---)  (v--pna---) " lemma="sum" token="esse" />
      <w prog="8" form="libellum" pos="n-s---ma-&#x9; (n-p---mg-)  (n-s---ma-) " lemma="libellus" token="libellum" />
      <w prog="9" form="de" pos="r--------&#x9; (r--------)  (r--------) " lemma="de" token="de" />
      <w prog="10" form="inventione" pos="n-s---fb-&#x9; (n-s---fb-) " lemma="inventio" token="inventione" />
      <w prog="11" form="puncti" pos="t-prppmn-&#x9; (t-pr-pmn-)  (t-pr-pmv-)  (t-sr-pmg-)  (t-sr-png-) " lemma="pungo" token="puncti" />
      <w prog="12" form="ultimi" pos="a-p---mn-&#x9;" lemma="ultimi*" token="ultimi" />
      <w prog="13" form="quod" pos="c--------&#x9;" lemma="quod*" token="quod" />
      <w prog="14" form="tum" pos="d--------&#x9; (d--------) " lemma="tum" token="tum" />
      <w prog="15" form="scripsi" pos="t-prppmn-&#x9;" lemma="scripsi*" token="scripsi" />
      <w prog="16" form=";" pos="d--------&#x9;" lemma=";*" token=";" />
      <w prog="17" form="quamvis" pos="d--------&#x9; (d--------) " lemma="quamvis" token="quamvis" />
      <w prog="18" form="a" pos="r--------&#x9;" lemma="a*" token="a" />
      <w prog="19" form="perfectione" pos="n-s---fb-&#x9; (n-s---fb-) " lemma="perfectio" token="perfectione" />
      <w prog="20" form="non" pos="d--------&#x9; (d--------)  (d--------) " lemma="non" token="non" />
      <w prog="21" form="longe" pos="d--------&#x9; (d--------) " lemma="longus" token="longe" />
      <w prog="22" form="absit" pos="v3sria---&#x9; (v3spsa---) " lemma="absum" token="absit" />
      <w prog="23" form="verum" pos="c--------&#x9;" lemma="verum*" token="verum" />
      <w prog="24" form="ego" pos="p-s---mn-&#x9; (p-s---fn-)  (p-s---mn-) " lemma="ego" token="ego" />
      <w prog="25" form="de" pos="r--------&#x9; (r--------)  (r--------) " lemma="de" token="de" />
      <w prog="26" form="securitate" pos="n-s---fb-&#x9; (n-s---fb-) " lemma="securitas" token="securitate" />
      <w prog="27" form="geometrica" pos="n-p---na-&#x9;" lemma="geometrica*" token="geometrica" />
      <w prog="28" form="loquor" pos="v1spip---&#x9; (v1spip---) " lemma="loquor" token="loquor" />
      <w prog="29" form="." pos="u--------&#x9;" lemma=".*" token="." />
    </field>
  </doc>
</add>
