<?xml version="1.0" encoding="UTF-8"?>
<add>
  <doc>
    <field name="id">s_6</field>
    <field name="sentence_txt">Si huius generis est, iam constat esse mechanicum, et a nostro instituto alienum; sin illius, cur non demonstratur?</field>
    <field name="image_url">http://</field>
    <field name="sentence_id">s_6</field>
    <field name="image_id">s_6</field>
    <field name="info_sentence">s_6</field>
    <field name="info_image">s_6</field>
    <field name="nota">s_6</field>
    <field name="sentence_analysis">
      <w prog="1" form="si" pos="c--------" lemma="si" token="Si" />
      <w prog="2" form="huius" pos="p-s---ng-" lemma="hic" token="huius" />
      <w prog="3" form="generis" pos="n-s---ng-" lemma="genus" token="generis" />
      <w prog="4" form="est" pos="v3spia---" lemma="sum" token="est" />
      <w prog="5" form="," pos="u--------" lemma=",*" token="," />
      <w prog="6" form="iam" pos="d--------" lemma="iam*" token="iam" />
      <w prog="7" form="constat" pos="v3spia---" lemma="consto" token="constat" />
      <w prog="8" form="esse" pos="v--pna---" lemma="sum" token="esse" />
      <w prog="9" form="mechanicum" pos="n-s---ma-" lemma="mechanicum*" token="mechanicum" />
      <w prog="10" form="," pos="u--------" lemma=",*" token="," />
      <w prog="11" form="et" pos="c--------" lemma="et" token="et" />
      <w prog="12" form="a" pos="r--------" lemma="a*" token="a" />
      <w prog="13" form="nostro" pos="a-s---mb-" lemma="noster" token="nostro" />
      <w prog="14" form="instituto" pos="n-s---mb-" lemma="institutum" token="instituto" />
      <w prog="15" form="alienum" pos="a-s---nn-" lemma="alienus" token="alienum" />
      <w prog="16" form=";" pos="v3spia---" lemma=";*" token=";" />
      <w prog="17" form="sin" pos="c--------" lemma="sin" token="sin" />
      <w prog="18" form="illius" pos="p-s---mg-" lemma="ille" token="illius" />
      <w prog="19" form="," pos="u--------" lemma=",*" token="," />
      <w prog="20" form="cur" pos="d--------" lemma="cur" token="cur" />
      <w prog="21" form="non" pos="d--------" lemma="non" token="non" />
      <w prog="22" form="demonstratur" pos="v3spip---" lemma="demonstro" token="demonstratur" />
      <w prog="23" form="?" pos="v--pna---" lemma="?*" token="?" />
    </field>
    <field name="sentence_analysis2">
      <w prog="1" form="si" pos="c--------&#x9; (c--------)  (c--------)  (c--------)  (c--------)  (c--------) " lemma="si" token="Si" />
      <w prog="2" form="huius" pos="p-s---ng-&#x9; (p-s---fg-)  (p-s---fg-)  (p-s---mg-)  (p-s---mg-)  (p-s---ng-)  (p-s---ng-) " lemma="hic" token="huius" />
      <w prog="3" form="generis" pos="n-s---ng-&#x9; (n-p---mb-)  (n-p---md-)  (n-s---ng-) " lemma="genus" token="generis" />
      <w prog="4" form="est" pos="v3spia---&#x9; (v2ppma---)  (v2ppia---)  (v3sfim---)  (v3spia---)  (v3slip---)  (v1sria---)  (v3sria---)  (v2ppma---)  (v2ppia---)  (v3sfim---)  (v3spia---)  (v3spia---)  (v3spia---) " lemma="sum" token="est" />
      <w prog="5" form="," pos="u--------&#x9;" lemma=",*" token="," />
      <w prog="6" form="iam" pos="d--------&#x9;" lemma="iam*" token="iam" />
      <w prog="7" form="constat" pos="v3spia---&#x9; (v3spia---) " lemma="consto" token="constat" />
      <w prog="8" form="esse" pos="v--pna---&#x9; (v3saia---)  (v--pna---)  (v--pna---) " lemma="sum" token="esse" />
      <w prog="9" form="mechanicum" pos="n-s---ma-&#x9;" lemma="mechanicum*" token="mechanicum" />
      <w prog="10" form="," pos="u--------&#x9;" lemma=",*" token="," />
      <w prog="11" form="et" pos="c--------&#x9; (c--------) " lemma="et" token="et" />
      <w prog="12" form="a" pos="r--------&#x9;" lemma="a*" token="a" />
      <w prog="13" form="nostro" pos="a-s---mb-&#x9; (a-s---mb-)  (a-s---md-)  (a-s---nb-)  (a-s---nd-) " lemma="noster" token="nostro" />
      <w prog="14" form="instituto" pos="n-s---mb-&#x9; (n-s---nb-)  (n-s---nd-) " lemma="institutum" token="instituto" />
      <w prog="15" form="alienum" pos="a-s---nn-&#x9; (a-p---mg-)  (a-p---mg-)  (a-p---ng-)  (a-p---ng-)  (a-s---ma-)  (a-s---ma-)  (a-s---na-)  (a-s---na-)  (a-s---nn-)  (a-s---nn-)  (a-s---nv-)  (a-s---nv-) " lemma="alienus" token="alienum" />
      <w prog="16" form=";" pos="v3spia---&#x9;" lemma=";*" token=";" />
      <w prog="17" form="sin" pos="c--------&#x9; (c--------)  (c--------)  (c--------)  (c--------)  (c--------)  (c--------) " lemma="sin" token="sin" />
      <w prog="18" form="illius" pos="p-s---mg-&#x9; (p-s---fg-)  (p-s---mg-)  (p-s---ng-) " lemma="ille" token="illius" />
      <w prog="19" form="," pos="u--------&#x9;" lemma=",*" token="," />
      <w prog="20" form="cur" pos="d--------&#x9; (d--------) " lemma="cur" token="cur" />
      <w prog="21" form="non" pos="d--------&#x9; (d--------)  (d--------) " lemma="non" token="non" />
      <w prog="22" form="demonstratur" pos="v3spip---&#x9; (v3spip---) " lemma="demonstro" token="demonstratur" />
      <w prog="23" form="?" pos="v--pna---&#x9;" lemma="?*" token="?" />
    </field>
  </doc>
</add>
