<?xml version="1.0" encoding="UTF-8"?>
<add>
  <doc>
    <field name="id">s_8</field>
    <field name="sentence_txt">e hoc est, punctum g in tot aetatum controversia positum.</field>
    <field name="image_url">http://</field>
    <field name="sentence_id">s_8</field>
    <field name="image_id">s_8</field>
    <field name="info_sentence">s_8</field>
    <field name="info_image">s_8</field>
    <field name="nota">s_8</field>
    <field name="sentence_analysis">
      <w prog="1" form="e" pos="r--------" lemma="ex" token="e" />
      <w prog="2" form="hoc" pos="p-s---na-" lemma="hic" token="hoc" />
      <w prog="3" form="est" pos="v3spia---" lemma="sum" token="est" />
      <w prog="4" form="," pos="u--------" lemma=",*" token="," />
      <w prog="5" form="punctum" pos="t-srppnn-" lemma="pungo" token="punctum" />
      <w prog="6" form="g" pos="v3spia---" lemma="g*" token="g" />
      <w prog="7" form="in" pos="r--------" lemma="in" token="in" />
      <w prog="8" form="tot" pos="m--------" lemma="tot*" token="tot" />
      <w prog="9" form="aetatum" pos="n-p---mg-" lemma="aetas" token="aetatum" />
      <w prog="10" form="controversia" pos="n-s---fb-" lemma="controversia" token="controversia" />
      <w prog="11" form="positum" pos="t-srppma-" lemma="pono" token="positum" />
      <w prog="12" form="." pos="u--------" lemma=".*" token="." />
    </field>
    <field name="sentence_analysis2">
      <w prog="1" form="e" pos="r--------&#x9; (r--------) " lemma="ex" token="e" />
      <w prog="2" form="hoc" pos="p-s---na-&#x9; (p-s---mb-)  (p-s---mb-)  (p-s---nb-)  (p-s---nb-)  (p-s---na-)  (p-s---na-)  (p-s---nn-)  (p-s---nn-) " lemma="hic" token="hoc" />
      <w prog="3" form="est" pos="v3spia---&#x9; (v2ppma---)  (v2ppia---)  (v3sfim---)  (v3spia---)  (v3slip---)  (v1sria---)  (v3sria---)  (v2ppma---)  (v2ppia---)  (v3sfim---)  (v3spia---)  (v3spia---)  (v3spia---) " lemma="sum" token="est" />
      <w prog="4" form="," pos="u--------&#x9;" lemma=",*" token="," />
      <w prog="5" form="punctum" pos="t-srppnn-&#x9; (t-pr-pmg-)  (t-pr-png-)  (t-sr-pma-)  (t-sr-pna-)  (t-sr-pnn-)  (t-sr-pnv-) " lemma="pungo" token="punctum" />
      <w prog="6" form="g" pos="v3spia---&#x9;" lemma="g*" token="g" />
      <w prog="7" form="in" pos="r--------&#x9; (r--------) " lemma="in" token="in" />
      <w prog="8" form="tot" pos="m--------&#x9;" lemma="tot*" token="tot" />
      <w prog="9" form="aetatum" pos="n-p---mg-&#x9; (n-p---fg-) " lemma="aetas" token="aetatum" />
      <w prog="10" form="controversia" pos="n-s---fb-&#x9; (n-s---fb-)  (n-s---fn-)  (n-s---fv-) " lemma="controversia" token="controversia" />
      <w prog="11" form="positum" pos="t-srppma-&#x9; (t-pr-pmg-)  (t-pr-png-)  (t-sr-pma-)  (t-sr-pna-)  (t-sr-pnn-)  (t-sr-pnv-) " lemma="pono" token="positum" />
      <w prog="12" form="." pos="u--------&#x9;" lemma=".*" token="." />
    </field>
  </doc>
</add>
