<?xml version="1.0" encoding="UTF-8"?>
<add>
  <doc>
    <field name="id">s_1</field>
    <field name="sentence_txt">Occupationibus tuis Doctissime Clavi parcens, in tertia mea ad te epistola, praesertim vero in secunda illius parte, quae erat de puncto lineae Dinostrati ultimo abs te invento; brevior fortasse fui, quam oportuit, ideoque hac scriptione rem totam paullo uberius, si potero, explicabo.</field>
    <field name="image_url">http://</field>
    <field name="sentence_id">s_1</field>
    <field name="image_id">s_1</field>
    <field name="info_sentence">s_1</field>
    <field name="info_image">s_1</field>
    <field name="nota">s_1</field>
    <field name="sentence_analysis">
      <w prog="1" form="occupationibus" pos="n-p---md-" lemma="occupatio" token="Occupationibus" />
      <w prog="2" form="tuis" pos="a-p---md-" lemma="tuus" token="tuis" />
      <w prog="3" form="doctissime" pos="d--------" lemma="doceo" token="Doctissime" />
      <w prog="4" form="clavi" pos="v1sria---" lemma="clavi*" token="Clavi" />
      <w prog="5" form="parcens" pos="t-sppamn-" lemma="parco" token="parcens" />
      <w prog="6" form="," pos="u--------" lemma=",*" token="," />
      <w prog="7" form="in" pos="r--------" lemma="in" token="in" />
      <w prog="8" form="tertia" pos="a-s---fn-" lemma="tertius" token="tertia" />
      <w prog="9" form="mea" pos="a-s---fb-" lemma="meus" token="mea" />
      <w prog="10" form="ad" pos="r--------" lemma="ad" token="ad" />
      <w prog="11" form="te" pos="p-s---fb-" lemma="tu" token="te" />
      <w prog="12" form="epistola" pos="n-s---fb-" lemma="epistula" token="epistola" />
      <w prog="13" form="," pos="u--------" lemma=",*" token="," />
      <w prog="14" form="praesertim" pos="d--------" lemma="praesertim" token="praesertim" />
      <w prog="15" form="vero" pos="d--------" lemma="vero*" token="vero" />
      <w prog="16" form="in" pos="r--------" lemma="in" token="in" />
      <w prog="17" form="secunda" pos="a-s---fb-" lemma="secundus" token="secunda" />
      <w prog="18" form="illius" pos="p-s---mg-" lemma="ille" token="illius" />
      <w prog="19" form="parte" pos="n-s---fb-" lemma="pars" token="parte" />
      <w prog="20" form="," pos="u--------" lemma=",*" token="," />
      <w prog="21" form="quae" pos="p-s---fn-" lemma="quis" token="quae" />
      <w prog="22" form="erat" pos="v3siia---" lemma="sum" token="erat" />
      <w prog="23" form="de" pos="r--------" lemma="de" token="de" />
      <w prog="24" form="puncto" pos="n-s---mb-" lemma="punctum" token="puncto" />
      <w prog="25" form="lineae" pos="n-s---fg-" lemma="linea" token="lineae" />
      <w prog="26" form="dinostrati" pos="n-s---mg-" lemma="dinostrati*" token="Dinostrati" />
      <w prog="27" form="ultimo" pos="n-s---nb-" lemma="ultimum" token="ultimo" />
      <w prog="28" form="abs" pos="r--------" lemma="abs*" token="abs" />
      <w prog="29" form="te" pos="p-s---ma-" lemma="tu" token="te" />
      <w prog="30" form="invento" pos="n-s---nb-" lemma="inventum" token="invento" />
      <w prog="31" form=";" pos="n-s---mn-" lemma=";*" token=";" />
      <w prog="32" form="brevior" pos="a-s---mnc" lemma="brevis" token="brevior" />
      <w prog="33" form="fortasse" pos="d--------" lemma="fortasse" token="fortasse" />
      <w prog="34" form="fui" pos="v1sria---" lemma="sum" token="fui" />
      <w prog="35" form="," pos="u--------" lemma=",*" token="," />
      <w prog="36" form="quam" pos="d--------" lemma="quam" token="quam" />
      <w prog="37" form="oportuit" pos="v3sria---" lemma="oportet" token="oportuit" />
      <w prog="38" form="," pos="u--------" lemma=",*" token="," />
      <w prog="39" form="ideoque" pos="d--------" lemma="ideo" token="ideoque" />
      <w prog="40" form="hac" pos="p-s---fb-" lemma="hic" token="hac" />
      <w prog="41" form="scriptione" pos="n-s---fb-" lemma="scriptio" token="scriptione" />
      <w prog="42" form="rem" pos="n-s---fa-" lemma="res" token="rem" />
      <w prog="43" form="totam" pos="a-s---fa-" lemma="totus" token="totam" />
      <w prog="44" form="paullo" pos="n-s---mb-" lemma="paulus" token="paullo" />
      <w prog="45" form="uberius" pos="n-s---mn-" lemma="uberius*" token="uberius" />
      <w prog="46" form="," pos="u--------" lemma=",*" token="," />
      <w prog="47" form="si" pos="c--------" lemma="si" token="si" />
      <w prog="48" form="potero" pos="v1sfia---" lemma="possum" token="potero" />
      <w prog="49" form="," pos="u--------" lemma=",*" token="," />
      <w prog="50" form="explicabo" pos="v1sfia---" lemma="explico" token="explicabo" />
      <w prog="51" form="." pos="u--------" lemma=".*" token="." />
    </field>
    <field name="sentence_analysis2">
      <w prog="1" form="occupationibus" pos="n-p---md-&#x9; (n-p---fb-)  (n-p---fd-) " lemma="occupatio" token="Occupationibus" />
      <w prog="2" form="tuis" pos="a-p---md-&#x9; (a-p---fb-)  (a-p---fd-)  (a-p---mb-)  (a-p---md-)  (a-p---nb-)  (a-p---nd-) " lemma="tuus" token="tuis" />
      <w prog="3" form="doctissime" pos="d--------&#x9; (d-------s) " lemma="doceo" token="Doctissime" />
      <w prog="4" form="clavi" pos="v1sria---&#x9;" lemma="clavi*" token="Clavi" />
      <w prog="5" form="parcens" pos="t-sppamn-&#x9; (t-sp--fn-)  (t-sp--fv-)  (t-sp--mn-)  (t-sp--mv-)  (t-sp--na-)  (t-sp--nn-)  (t-sp--nv-) " lemma="parco" token="parcens" />
      <w prog="6" form="," pos="u--------&#x9;" lemma=",*" token="," />
      <w prog="7" form="in" pos="r--------&#x9; (r--------) " lemma="in" token="in" />
      <w prog="8" form="tertia" pos="a-s---fn-&#x9; (a-p---na-)  (a-p---na-)  (a-p---nn-)  (a-p---nn-)  (a-p---nv-)  (a-p---nv-)  (a-s---fb-)  (a-s---fb-)  (a-s---fn-)  (a-s---fn-)  (a-s---fv-)  (a-s---fv-) " lemma="tertius" token="tertia" />
      <w prog="9" form="mea" pos="a-s---fb-&#x9; (a-p---na-)  (a-p---nn-)  (a-p---nv-)  (a-s---fb-)  (a-s---fn-)  (a-s---fv-) " lemma="meus" token="mea" />
      <w prog="10" form="ad" pos="r--------&#x9; (r--------) " lemma="ad" token="ad" />
      <w prog="11" form="te" pos="p-s---fb-&#x9; (p-s----g-)  (p-s----g-)  (p-s---fb-)  (p-s---fa-)  (p-s---mb-)  (p-s---ma-) " lemma="tu" token="te" />
      <w prog="12" form="epistola" pos="n-s---fb-&#x9; (n-s---fb-)  (n-s---fn-)  (n-s---fv-) " lemma="epistula" token="epistola" />
      <w prog="13" form="," pos="u--------&#x9;" lemma=",*" token="," />
      <w prog="14" form="praesertim" pos="d--------&#x9; (d--------) " lemma="praesertim" token="praesertim" />
      <w prog="15" form="vero" pos="d--------&#x9;" lemma="vero*" token="vero" />
      <w prog="16" form="in" pos="r--------&#x9; (r--------) " lemma="in" token="in" />
      <w prog="17" form="secunda" pos="a-s---fb-&#x9; (a-p---na-)  (a-p---nn-)  (a-p---nv-)  (a-s---fb-)  (a-s---fn-)  (a-s---fv-) " lemma="secundus" token="secunda" />
      <w prog="18" form="illius" pos="p-s---mg-&#x9; (p-s---fg-)  (p-s---mg-)  (p-s---ng-) " lemma="ille" token="illius" />
      <w prog="19" form="parte" pos="n-s---fb-&#x9; (n-s---fb-) " lemma="pars" token="parte" />
      <w prog="20" form="," pos="u--------&#x9;" lemma=",*" token="," />
      <w prog="21" form="quae" pos="p-s---fn-&#x9; (p-p---fn-)  (p-p---na-)  (p-p---nn-)  (p-s---fn-)  (p-p---fn-)  (p-p---na-)  (p-p---nn-)  (p-s---fn-)  (p-p---fn-)  (p-p---na-)  (p-p---nn-)  (p-p---fn-)  (p-p---na-)  (p-p---nn-) " lemma="quis" token="quae" />
      <w prog="22" form="erat" pos="v3siia---&#x9; (v3siia---) " lemma="sum" token="erat" />
      <w prog="23" form="de" pos="r--------&#x9; (r--------)  (r--------) " lemma="de" token="de" />
      <w prog="24" form="puncto" pos="n-s---mb-&#x9; (n-s---nb-)  (n-s---nd-) " lemma="punctum" token="puncto" />
      <w prog="25" form="lineae" pos="n-s---fg-&#x9; (n-p---fn-)  (n-p---fv-)  (n-s---fd-)  (n-s---fg-) " lemma="linea" token="lineae" />
      <w prog="26" form="dinostrati" pos="n-s---mg-&#x9;" lemma="dinostrati*" token="Dinostrati" />
      <w prog="27" form="ultimo" pos="n-s---nb-&#x9; (n-s---nb-)  (n-s---nd-) " lemma="ultimum" token="ultimo" />
      <w prog="28" form="abs" pos="r--------&#x9;" lemma="abs*" token="abs" />
      <w prog="29" form="te" pos="p-s---ma-&#x9; (p-s----g-)  (p-s----g-)  (p-s---fb-)  (p-s---fa-)  (p-s---mb-)  (p-s---ma-) " lemma="tu" token="te" />
      <w prog="30" form="invento" pos="n-s---nb-&#x9; (n-s---nb-)  (n-s---nd-) " lemma="inventum" token="invento" />
      <w prog="31" form=";" pos="n-s---mn-&#x9;" lemma=";*" token=";" />
      <w prog="32" form="brevior" pos="a-s---mnc&#x9; (a-s---fnc)  (a-s---fvc)  (a-s---mnc)  (a-s---mvc) " lemma="brevis" token="brevior" />
      <w prog="33" form="fortasse" pos="d--------&#x9; (d--------) " lemma="fortasse" token="fortasse" />
      <w prog="34" form="fui" pos="v1sria---&#x9; (v1sria---) " lemma="sum" token="fui" />
      <w prog="35" form="," pos="u--------&#x9;" lemma=",*" token="," />
      <w prog="36" form="quam" pos="d--------&#x9; (d--------)  (d--------)  (d--------)  (d--------)  (d--------)  (d--------)  (d--------) " lemma="quam" token="quam" />
      <w prog="37" form="oportuit" pos="v3sria---&#x9; (v3sria---) " lemma="oportet" token="oportuit" />
      <w prog="38" form="," pos="u--------&#x9;" lemma=",*" token="," />
      <w prog="39" form="ideoque" pos="d--------&#x9; (d--------) " lemma="ideo" token="ideoque" />
      <w prog="40" form="hac" pos="p-s---fb-&#x9; (p-s---fb-)  (p-s---fb-) " lemma="hic" token="hac" />
      <w prog="41" form="scriptione" pos="n-s---fb-&#x9; (n-s---fb-) " lemma="scriptio" token="scriptione" />
      <w prog="42" form="rem" pos="n-s---fa-&#x9; (n-s---fa-)  (n-s---fa-) " lemma="res" token="rem" />
      <w prog="43" form="totam" pos="a-s---fa-&#x9; (a-s---fa-) " lemma="totus" token="totam" />
      <w prog="44" form="paullo" pos="n-s---mb-&#x9; (n-s---mb-)  (n-s---md-) " lemma="paulus" token="paullo" />
      <w prog="45" form="uberius" pos="n-s---mn-&#x9;" lemma="uberius*" token="uberius" />
      <w prog="46" form="," pos="u--------&#x9;" lemma=",*" token="," />
      <w prog="47" form="si" pos="c--------&#x9; (c--------)  (c--------)  (c--------)  (c--------)  (c--------) " lemma="si" token="si" />
      <w prog="48" form="potero" pos="v1sfia---&#x9; (v1sfia---) " lemma="possum" token="potero" />
      <w prog="49" form="," pos="u--------&#x9;" lemma=",*" token="," />
      <w prog="50" form="explicabo" pos="v1sfia---&#x9; (v1sfia---)  (v1sfia---) " lemma="explico" token="explicabo" />
      <w prog="51" form="." pos="u--------&#x9;" lemma=".*" token="." />
    </field>
  </doc>
  <doc>
    <field name="id">s_2</field>
    <field name="sentence_txt">Principio igitur lineae conchoidis accidens certissimum est, nimirum, si per lineam Dinostrati transeat, eam per lineas rectas dividere in partes supra infraque aequales, propter motus lineae a summo, velut polo, basim permeantis; qui quidem motus familiam in hoc negozio, vel in primus ducit.</field>
    <field name="image_url">http://</field>
    <field name="sentence_id">s_2</field>
    <field name="image_id">s_2</field>
    <field name="info_sentence">s_2</field>
    <field name="info_image">s_2</field>
    <field name="nota">s_2</field>
    <field name="sentence_analysis">
      <w prog="1" form="principio" pos="n-s---nb-" lemma="principium" token="Principio" />
      <w prog="2" form="igitur" pos="c--------" lemma="igitur" token="igitur" />
      <w prog="3" form="lineae" pos="n-p---fn-" lemma="linea" token="lineae" />
      <w prog="4" form="conchoidis" pos="a-p---mb-" lemma="conchoidis*" token="conchoidis" />
      <w prog="5" form="accidens" pos="t-sppafn-" lemma="accido" token="accidens" />
      <w prog="6" form="certissimum" pos="n-s---ma-" lemma="certissimum*" token="certissimum" />
      <w prog="7" form="est" pos="v3spia---" lemma="sum" token="est" />
      <w prog="8" form="," pos="u--------" lemma=",*" token="," />
      <w prog="9" form="nimirum" pos="a-s---nn-" lemma="nimirum*" token="nimirum" />
      <w prog="10" form="," pos="u--------" lemma=",*" token="," />
      <w prog="11" form="si" pos="c--------" lemma="si" token="si" />
      <w prog="12" form="per" pos="r--------" lemma="per" token="per" />
      <w prog="13" form="lineam" pos="n-s---fa-" lemma="linea" token="lineam" />
      <w prog="14" form="dinostrati" pos="n-s---ng-" lemma="dinostrati*" token="Dinostrati" />
      <w prog="15" form="transeat" pos="v3spsa---" lemma="transeo" token="transeat" />
      <w prog="16" form="," pos="u--------" lemma=",*" token="," />
      <w prog="17" form="eam" pos="p-s---fa-" lemma="is" token="eam" />
      <w prog="18" form="per" pos="r--------" lemma="per" token="per" />
      <w prog="19" form="lineas" pos="n-p---fa-" lemma="linea" token="lineas" />
      <w prog="20" form="rectas" pos="t-prppfa-" lemma="rego" token="rectas" />
      <w prog="21" form="dividere" pos="v--pna---" lemma="divido" token="dividere" />
      <w prog="22" form="in" pos="r--------" lemma="in" token="in" />
      <w prog="23" form="partes" pos="n-p---fa-" lemma="pars" token="partes" />
      <w prog="24" form="supra" pos="r--------" lemma="supra" token="supra" />
      <w prog="25" form="infraque" pos="a-s---fb-" lemma="infraque*" token="infraque" />
      <w prog="26" form="aequales" pos="a-p---fa-" lemma="aequalis" token="aequales" />
      <w prog="27" form="," pos="u--------" lemma=",*" token="," />
      <w prog="28" form="propter" pos="r--------" lemma="propter" token="propter" />
      <w prog="29" form="motus" pos="n-s---mn-" lemma="motus" token="motus" />
      <w prog="30" form="lineae" pos="n-s---fg-" lemma="linea" token="lineae" />
      <w prog="31" form="a" pos="r--------" lemma="a*" token="a" />
      <w prog="32" form="summo" pos="n-s---mb-" lemma="summum" token="summo" />
      <w prog="33" form="," pos="u--------" lemma=",*" token="," />
      <w prog="34" form="velut" pos="d--------" lemma="velut*" token="velut" />
      <w prog="35" form="polo" pos="v1spia---" lemma="polo*" token="polo" />
      <w prog="36" form="," pos="u--------" lemma=",*" token="," />
      <w prog="37" form="basim" pos="d--------" lemma="basim*" token="basim" />
      <w prog="38" form="permeantis" pos="t-pppama-" lemma="permeantis*" token="permeantis" />
      <w prog="39" form=";" pos="n-s---fa-" lemma=";*" token=";" />
      <w prog="40" form="qui" pos="p-s---mn-" lemma="quis" token="qui" />
      <w prog="41" form="quidem" pos="d--------" lemma="quidem" token="quidem" />
      <w prog="42" form="motus" pos="t-srppmn-" lemma="moveo" token="motus" />
      <w prog="43" form="familiam" pos="n-s---fa-" lemma="familia" token="familiam" />
      <w prog="44" form="in" pos="r--------" lemma="in" token="in" />
      <w prog="45" form="hoc" pos="p-s---nb-" lemma="hic" token="hoc" />
      <w prog="46" form="negozio" pos="n-s---nb-" lemma="negozio*" token="negozio" />
      <w prog="47" form="," pos="u--------" lemma=",*" token="," />
      <w prog="48" form="vel" pos="c--------" lemma="vel*" token="vel" />
      <w prog="49" form="in" pos="r--------" lemma="in" token="in" />
      <w prog="50" form="primus" pos="a-s---mn-" lemma="primus" token="primus" />
      <w prog="51" form="ducit" pos="v3spia---" lemma="duco" token="ducit" />
      <w prog="52" form="." pos="u--------" lemma=".*" token="." />
    </field>
    <field name="sentence_analysis2">
      <w prog="1" form="principio" pos="n-s---nb-&#x9; (n-s---nb-)  (n-s---nd-) " lemma="principium" token="Principio" />
      <w prog="2" form="igitur" pos="c--------&#x9; (c--------) " lemma="igitur" token="igitur" />
      <w prog="3" form="lineae" pos="n-p---fn-&#x9; (n-p---fn-)  (n-p---fv-)  (n-s---fd-)  (n-s---fg-) " lemma="linea" token="lineae" />
      <w prog="4" form="conchoidis" pos="a-p---mb-&#x9;" lemma="conchoidis*" token="conchoidis" />
      <w prog="5" form="accidens" pos="t-sppafn-&#x9; (t-sp--fn-)  (t-sp--fv-)  (t-sp--mn-)  (t-sp--mv-)  (t-sp--na-)  (t-sp--nn-)  (t-sp--nv-)  (t-sp--fn-)  (t-sp--fv-)  (t-sp--mn-)  (t-sp--mv-)  (t-sp--na-)  (t-sp--nn-)  (t-sp--nv-) " lemma="accido" token="accidens" />
      <w prog="6" form="certissimum" pos="n-s---ma-&#x9;" lemma="certissimum*" token="certissimum" />
      <w prog="7" form="est" pos="v3spia---&#x9; (v2ppma---)  (v2ppia---)  (v3sfim---)  (v3spia---)  (v3slip---)  (v1sria---)  (v3sria---)  (v2ppma---)  (v2ppia---)  (v3sfim---)  (v3spia---)  (v3spia---)  (v3spia---) " lemma="sum" token="est" />
      <w prog="8" form="," pos="u--------&#x9;" lemma=",*" token="," />
      <w prog="9" form="nimirum" pos="a-s---nn-&#x9;" lemma="nimirum*" token="nimirum" />
      <w prog="10" form="," pos="u--------&#x9;" lemma=",*" token="," />
      <w prog="11" form="si" pos="c--------&#x9; (c--------)  (c--------)  (c--------)  (c--------)  (c--------) " lemma="si" token="si" />
      <w prog="12" form="per" pos="r--------&#x9; (r--------)  (r--------)  (r--------) " lemma="per" token="per" />
      <w prog="13" form="lineam" pos="n-s---fa-&#x9; (n-s---fa-) " lemma="linea" token="lineam" />
      <w prog="14" form="dinostrati" pos="n-s---ng-&#x9;" lemma="dinostrati*" token="Dinostrati" />
      <w prog="15" form="transeat" pos="v3spsa---&#x9; (v3spsa---) " lemma="transeo" token="transeat" />
      <w prog="16" form="," pos="u--------&#x9;" lemma=",*" token="," />
      <w prog="17" form="eam" pos="p-s---fa-&#x9; (p-s---fa-) " lemma="is" token="eam" />
      <w prog="18" form="per" pos="r--------&#x9; (r--------)  (r--------)  (r--------) " lemma="per" token="per" />
      <w prog="19" form="lineas" pos="n-p---fa-&#x9; (n-p---fa-) " lemma="linea" token="lineas" />
      <w prog="20" form="rectas" pos="t-prppfa-&#x9; (t-pr-pfa-)  (t-pr-pfa-) " lemma="rego" token="rectas" />
      <w prog="21" form="dividere" pos="v--pna---&#x9; (v2sfip---)  (v2spmp---)  (v2spip---)  (v--pna---) " lemma="divido" token="dividere" />
      <w prog="22" form="in" pos="r--------&#x9; (r--------) " lemma="in" token="in" />
      <w prog="23" form="partes" pos="n-p---fa-&#x9; (n-p---fa-)  (n-p---fn-)  (n-p---fv-) " lemma="pars" token="partes" />
      <w prog="24" form="supra" pos="r--------&#x9; (r--------)  (r--------) " lemma="supra" token="supra" />
      <w prog="25" form="infraque" pos="a-s---fb-&#x9;" lemma="infraque*" token="infraque" />
      <w prog="26" form="aequales" pos="a-p---fa-&#x9; (a-p---fa-)  (a-p---fn-)  (a-p---fv-)  (a-p---ma-)  (a-p---mn-)  (a-p---mv-) " lemma="aequalis" token="aequales" />
      <w prog="27" form="," pos="u--------&#x9;" lemma=",*" token="," />
      <w prog="28" form="propter" pos="r--------&#x9; (r--------)  (r--------) " lemma="propter" token="propter" />
      <w prog="29" form="motus" pos="n-s---mn-&#x9; (n-p---ma-)  (n-p---mn-)  (n-s---mg-)  (n-s---mn-) " lemma="motus" token="motus" />
      <w prog="30" form="lineae" pos="n-s---fg-&#x9; (n-p---fn-)  (n-p---fv-)  (n-s---fd-)  (n-s---fg-) " lemma="linea" token="lineae" />
      <w prog="31" form="a" pos="r--------&#x9;" lemma="a*" token="a" />
      <w prog="32" form="summo" pos="n-s---mb-&#x9; (n-s---mb-)  (n-s---md-)  (n-s---nb-)  (n-s---nd-) " lemma="summum" token="summo" />
      <w prog="33" form="," pos="u--------&#x9;" lemma=",*" token="," />
      <w prog="34" form="velut" pos="d--------&#x9;" lemma="velut*" token="velut" />
      <w prog="35" form="polo" pos="v1spia---&#x9;" lemma="polo*" token="polo" />
      <w prog="36" form="," pos="u--------&#x9;" lemma=",*" token="," />
      <w prog="37" form="basim" pos="d--------&#x9;" lemma="basim*" token="basim" />
      <w prog="38" form="permeantis" pos="t-pppama-&#x9;" lemma="permeantis*" token="permeantis" />
      <w prog="39" form=";" pos="n-s---fa-&#x9;" lemma=";*" token=";" />
      <w prog="40" form="qui" pos="p-s---mn-&#x9; (p-p---mn-)  (p-s---mn-)  (p-p---mn-)  (p-s---mn-)  (p-p---mn-)  (p-p---mn-) " lemma="quis" token="qui" />
      <w prog="41" form="quidem" pos="d--------&#x9; (d--------) " lemma="quidem" token="quidem" />
      <w prog="42" form="motus" pos="t-srppmn-&#x9; (t-sr-pmn-) " lemma="moveo" token="motus" />
      <w prog="43" form="familiam" pos="n-s---fa-&#x9; (n-s---fa-) " lemma="familia" token="familiam" />
      <w prog="44" form="in" pos="r--------&#x9; (r--------) " lemma="in" token="in" />
      <w prog="45" form="hoc" pos="p-s---nb-&#x9; (p-s---mb-)  (p-s---mb-)  (p-s---nb-)  (p-s---nb-)  (p-s---na-)  (p-s---na-)  (p-s---nn-)  (p-s---nn-) " lemma="hic" token="hoc" />
      <w prog="46" form="negozio" pos="n-s---nb-&#x9;" lemma="negozio*" token="negozio" />
      <w prog="47" form="," pos="u--------&#x9;" lemma=",*" token="," />
      <w prog="48" form="vel" pos="c--------&#x9;" lemma="vel*" token="vel" />
      <w prog="49" form="in" pos="r--------&#x9; (r--------) " lemma="in" token="in" />
      <w prog="50" form="primus" pos="a-s---mn-&#x9; (a-s---mn-) " lemma="primus" token="primus" />
      <w prog="51" form="ducit" pos="v3spia---&#x9; (v3spia---) " lemma="duco" token="ducit" />
      <w prog="52" form="." pos="u--------&#x9;" lemma=".*" token="." />
    </field>
  </doc>
  <doc>
    <field name="id">s_3</field>
    <field name="sentence_txt">Certum quoque est punctum, quod aequidistantiae dicitur nempe g esse in linea conchoide, utpote ipsam describens.</field>
    <field name="image_url">http://</field>
    <field name="sentence_id">s_3</field>
    <field name="image_id">s_3</field>
    <field name="info_sentence">s_3</field>
    <field name="info_image">s_3</field>
    <field name="nota">s_3</field>
    <field name="sentence_analysis">
      <w prog="1" form="certum" pos="n-s---ma-" lemma="certus" token="Certum" />
      <w prog="2" form="quoque" pos="d--------" lemma="quoque" token="quoque" />
      <w prog="3" form="est" pos="v3spia---" lemma="sum" token="est" />
      <w prog="4" form="punctum" pos="t-srppma-" lemma="pungo" token="punctum" />
      <w prog="5" form="," pos="u--------" lemma=",*" token="," />
      <w prog="6" form="quod" pos="c--------" lemma="quod*" token="quod" />
      <w prog="7" form="aequidistantiae" pos="n-s---fg-" lemma="aequidistantiae*" token="aequidistantiae" />
      <w prog="8" form="dicitur" pos="v3spip---" lemma="dico" token="dicitur" />
      <w prog="9" form="nempe" pos="n-s---fb-" lemma="nempe*" token="nempe" />
      <w prog="10" form="g" pos="n-s---mn-" lemma="g*" token="g" />
      <w prog="11" form="esse" pos="v--pna---" lemma="sum" token="esse" />
      <w prog="12" form="in" pos="r--------" lemma="in" token="in" />
      <w prog="13" form="linea" pos="a-s---fb-" lemma="lineus" token="linea" />
      <w prog="14" form="conchoide" pos="n-s---fb-" lemma="conchoide*" token="conchoide" />
      <w prog="15" form="," pos="u--------" lemma=",*" token="," />
      <w prog="16" form="utpote" pos="d--------" lemma="utpote" token="utpote" />
      <w prog="17" form="ipsam" pos="p-s---fa-" lemma="ipse" token="ipsam" />
      <w prog="18" form="describens" pos="a-s---fn-" lemma="describens*" token="describens" />
      <w prog="19" form="." pos="u--------" lemma=".*" token="." />
    </field>
    <field name="sentence_analysis2">
      <w prog="1" form="certum" pos="n-s---ma-&#x9; (n-p---mg-)  (n-s---ma-) " lemma="certus" token="Certum" />
      <w prog="2" form="quoque" pos="d--------&#x9; (d--------)  (d--------) " lemma="quoque" token="quoque" />
      <w prog="3" form="est" pos="v3spia---&#x9; (v2ppma---)  (v2ppia---)  (v3sfim---)  (v3spia---)  (v3slip---)  (v1sria---)  (v3sria---)  (v2ppma---)  (v2ppia---)  (v3sfim---)  (v3spia---)  (v3spia---)  (v3spia---) " lemma="sum" token="est" />
      <w prog="4" form="punctum" pos="t-srppma-&#x9; (t-pr-pmg-)  (t-pr-png-)  (t-sr-pma-)  (t-sr-pna-)  (t-sr-pnn-)  (t-sr-pnv-) " lemma="pungo" token="punctum" />
      <w prog="5" form="," pos="u--------&#x9;" lemma=",*" token="," />
      <w prog="6" form="quod" pos="c--------&#x9;" lemma="quod*" token="quod" />
      <w prog="7" form="aequidistantiae" pos="n-s---fg-&#x9;" lemma="aequidistantiae*" token="aequidistantiae" />
      <w prog="8" form="dicitur" pos="v3spip---&#x9; (v3spip---) " lemma="dico" token="dicitur" />
      <w prog="9" form="nempe" pos="n-s---fb-&#x9;" lemma="nempe*" token="nempe" />
      <w prog="10" form="g" pos="n-s---mn-&#x9;" lemma="g*" token="g" />
      <w prog="11" form="esse" pos="v--pna---&#x9; (v3saia---)  (v--pna---)  (v--pna---) " lemma="sum" token="esse" />
      <w prog="12" form="in" pos="r--------&#x9; (r--------) " lemma="in" token="in" />
      <w prog="13" form="linea" pos="a-s---fb-&#x9; (a-d---fa-)  (a-d---fn-)  (a-d---fv-)  (a-p---na-)  (a-p---nn-)  (a-p---nv-)  (a-s---fn-)  (a-s---fv-)  (a-p---na-)  (a-p---nn-)  (a-p---nv-)  (a-s---fb-)  (a-s---fn-)  (a-s---fv-) " lemma="lineus" token="linea" />
      <w prog="14" form="conchoide" pos="n-s---fb-&#x9;" lemma="conchoide*" token="conchoide" />
      <w prog="15" form="," pos="u--------&#x9;" lemma=",*" token="," />
      <w prog="16" form="utpote" pos="d--------&#x9; (d--------) " lemma="utpote" token="utpote" />
      <w prog="17" form="ipsam" pos="p-s---fa-&#x9; (p-s---fa-) " lemma="ipse" token="ipsam" />
      <w prog="18" form="describens" pos="a-s---fn-&#x9;" lemma="describens*" token="describens" />
      <w prog="19" form="." pos="u--------&#x9;" lemma=".*" token="." />
    </field>
  </doc>
  <doc>
    <field name="id">s_4</field>
    <field name="sentence_txt">Esse autem illud idem punctum g in linea Dinostrati, ex sola positione, sine ulla ratione geometrica discimus.</field>
    <field name="image_url">http://</field>
    <field name="sentence_id">s_4</field>
    <field name="image_id">s_4</field>
    <field name="info_sentence">s_4</field>
    <field name="info_image">s_4</field>
    <field name="nota">s_4</field>
    <field name="sentence_analysis">
      <w prog="1" form="esse" pos="v--pna---" lemma="sum" token="Esse" />
      <w prog="2" form="autem" pos="c--------" lemma="autem" token="autem" />
      <w prog="3" form="illud" pos="p-s---na-" lemma="ille" token="illud" />
      <w prog="4" form="idem" pos="p-s---na-" lemma="idem" token="idem" />
      <w prog="5" form="punctum" pos="a-s---na-" lemma="punctum*" token="punctum" />
      <w prog="6" form="g" pos="n-s---mn-" lemma="g*" token="g" />
      <w prog="7" form="in" pos="r--------" lemma="in" token="in" />
      <w prog="8" form="linea" pos="a-s---fb-" lemma="lineus" token="linea" />
      <w prog="9" form="dinostrati" pos="n-s---mg-" lemma="dinostrati*" token="Dinostrati" />
      <w prog="10" form="," pos="u--------" lemma=",*" token="," />
      <w prog="11" form="ex" pos="r--------" lemma="ex" token="ex" />
      <w prog="12" form="sola" pos="a-s---fb-" lemma="solus" token="sola" />
      <w prog="13" form="positione" pos="n-s---fb-" lemma="positio" token="positione" />
      <w prog="14" form="," pos="u--------" lemma=",*" token="," />
      <w prog="15" form="sine" pos="r--------" lemma="sine" token="sine" />
      <w prog="16" form="ulla" pos="a-s---fb-" lemma="ullus" token="ulla" />
      <w prog="17" form="ratione" pos="n-s---fb-" lemma="ratio" token="ratione" />
      <w prog="18" form="geometrica" pos="a-s---fb-" lemma="geometricus" token="geometrica" />
      <w prog="19" form="discimus" pos="t-srppmn-" lemma="discimus*" token="discimus" />
      <w prog="20" form="." pos="u--------" lemma=".*" token="." />
    </field>
    <field name="sentence_analysis2">
      <w prog="1" form="esse" pos="v--pna---&#x9; (v3saia---)  (v--pna---)  (v--pna---) " lemma="sum" token="Esse" />
      <w prog="2" form="autem" pos="c--------&#x9; (c--------) " lemma="autem" token="autem" />
      <w prog="3" form="illud" pos="p-s---na-&#x9; (p-s---na-)  (p-s---nn-) " lemma="ille" token="illud" />
      <w prog="4" form="idem" pos="p-s---na-&#x9; (p-s---mn-)  (p-s---na-)  (p-s---nn-) " lemma="idem" token="idem" />
      <w prog="5" form="punctum" pos="a-s---na-&#x9;" lemma="punctum*" token="punctum" />
      <w prog="6" form="g" pos="n-s---mn-&#x9;" lemma="g*" token="g" />
      <w prog="7" form="in" pos="r--------&#x9; (r--------) " lemma="in" token="in" />
      <w prog="8" form="linea" pos="a-s---fb-&#x9; (a-d---fa-)  (a-d---fn-)  (a-d---fv-)  (a-p---na-)  (a-p---nn-)  (a-p---nv-)  (a-s---fn-)  (a-s---fv-)  (a-p---na-)  (a-p---nn-)  (a-p---nv-)  (a-s---fb-)  (a-s---fn-)  (a-s---fv-) " lemma="lineus" token="linea" />
      <w prog="9" form="dinostrati" pos="n-s---mg-&#x9;" lemma="dinostrati*" token="Dinostrati" />
      <w prog="10" form="," pos="u--------&#x9;" lemma=",*" token="," />
      <w prog="11" form="ex" pos="r--------&#x9; (r--------) " lemma="ex" token="ex" />
      <w prog="12" form="sola" pos="a-s---fb-&#x9; (a-p---na-)  (a-p---nn-)  (a-p---nv-)  (a-s---fb-)  (a-s---fn-) " lemma="solus" token="sola" />
      <w prog="13" form="positione" pos="n-s---fb-&#x9; (n-s---fb-) " lemma="positio" token="positione" />
      <w prog="14" form="," pos="u--------&#x9;" lemma=",*" token="," />
      <w prog="15" form="sine" pos="r--------&#x9; (r--------) " lemma="sine" token="sine" />
      <w prog="16" form="ulla" pos="a-s---fb-&#x9; (a-p---na-)  (a-p---nn-)  (a-p---nv-)  (a-s---fb-)  (a-s---fn-)  (a-s---fv-) " lemma="ullus" token="ulla" />
      <w prog="17" form="ratione" pos="n-s---fb-&#x9; (n-s---fb-) " lemma="ratio" token="ratione" />
      <w prog="18" form="geometrica" pos="a-s---fb-&#x9; (a-p---na-)  (a-p---nn-)  (a-p---nv-)  (a-s---fb-)  (a-s---fn-)  (a-s---fv-) " lemma="geometricus" token="geometrica" />
      <w prog="19" form="discimus" pos="t-srppmn-&#x9;" lemma="discimus*" token="discimus" />
      <w prog="20" form="." pos="u--------&#x9;" lemma=".*" token="." />
    </field>
  </doc>
  <doc>
    <field name="id">s_5</field>
    <field name="sentence_txt">age enim punctum illud, estne certa proportione descriptum, an sit extempore notatum, ut fieri solet, lineae complendae caussa?</field>
    <field name="image_url">http://</field>
    <field name="sentence_id">s_5</field>
    <field name="image_id">s_5</field>
    <field name="info_sentence">s_5</field>
    <field name="info_image">s_5</field>
    <field name="nota">s_5</field>
    <field name="sentence_analysis">
      <w prog="1" form="age" pos="v2spma---" lemma="ago" token="age" />
      <w prog="2" form="enim" pos="c--------" lemma="enim" token="enim" />
      <w prog="3" form="punctum" pos="n-s---na-" lemma="pungo" token="punctum" />
      <w prog="4" form="illud" pos="p-s---na-" lemma="ille" token="illud" />
      <w prog="5" form="," pos="u--------" lemma=",*" token="," />
      <w prog="6" form="estne" pos="n-s---fb-" lemma="estne*" token="estne" />
      <w prog="7" form="certa" pos="a-s---fb-" lemma="certus" token="certa" />
      <w prog="8" form="proportione" pos="n-s---fb-" lemma="proportio" token="proportione" />
      <w prog="9" form="descriptum" pos="t-srppma-" lemma="describo" token="descriptum" />
      <w prog="10" form="," pos="u--------" lemma=",*" token="," />
      <w prog="11" form="an" pos="c--------" lemma="an" token="an" />
      <w prog="12" form="sit" pos="v3spsa---" lemma="sum" token="sit" />
      <w prog="13" form="extempore" pos="n-s---mb-" lemma="extempore*" token="extempore" />
      <w prog="14" form="notatum" pos="n-s---ma-" lemma="noto" token="notatum" />
      <w prog="15" form="," pos="u--------" lemma=",*" token="," />
      <w prog="16" form="ut" pos="c--------" lemma="ut*" token="ut" />
      <w prog="17" form="fieri" pos="v--pnp---" lemma="fio" token="fieri" />
      <w prog="18" form="solet" pos="v3spia---" lemma="soleo" token="solet" />
      <w prog="19" form="," pos="u--------" lemma=",*" token="," />
      <w prog="20" form="lineae" pos="a-s---fg-" lemma="lineus" token="lineae" />
      <w prog="21" form="complendae" pos="t-spgpfg-" lemma="complendae*" token="complendae" />
      <w prog="22" form="caussa" pos="n-s---fb-" lemma="causa" token="caussa" />
      <w prog="23" form="?" pos="v3sria---" lemma="?*" token="?" />
    </field>
    <field name="sentence_analysis2">
      <w prog="1" form="age" pos="v2spma---&#x9; (v2spma---)  (v3siia---)  (v2spma---)  (v3siia---)  (v2spma---)  (v3siia---)  (v2spma---)  (v3siia---)  (v2spma---)  (v3siia---)  (v2spma---) " lemma="ago" token="age" />
      <w prog="2" form="enim" pos="c--------&#x9; (c--------) " lemma="enim" token="enim" />
      <w prog="3" form="punctum" pos="n-s---na-&#x9; (n-p---ng-)  (n-s---na-)  (n-s---nn-)  (n-s---nv-)  (n-s-u-nn-) " lemma="pungo" token="punctum" />
      <w prog="4" form="illud" pos="p-s---na-&#x9; (p-s---na-)  (p-s---nn-) " lemma="ille" token="illud" />
      <w prog="5" form="," pos="u--------&#x9;" lemma=",*" token="," />
      <w prog="6" form="estne" pos="n-s---fb-&#x9;" lemma="estne*" token="estne" />
      <w prog="7" form="certa" pos="a-s---fb-&#x9; (a-p---na-)  (a-p---nn-)  (a-p---nv-)  (a-s---fb-)  (a-s---fn-)  (a-s---fv-) " lemma="certus" token="certa" />
      <w prog="8" form="proportione" pos="n-s---fb-&#x9; (n-s---fb-) " lemma="proportio" token="proportione" />
      <w prog="9" form="descriptum" pos="t-srppma-&#x9; (t-pr-pmg-)  (t-pr-png-)  (t-sr-pma-)  (t-sr-pna-)  (t-sr-pnn-)  (t-sr-pnv-) " lemma="describo" token="descriptum" />
      <w prog="10" form="," pos="u--------&#x9;" lemma=",*" token="," />
      <w prog="11" form="an" pos="c--------&#x9; (c--------)  (c--------)  (c--------)  (c--------)  (c--------)  (c--------)  (c--------)  (c--------)  (c--------) " lemma="an" token="an" />
      <w prog="12" form="sit" pos="v3spsa---&#x9; (v3spsa---) " lemma="sum" token="sit" />
      <w prog="13" form="extempore" pos="n-s---mb-&#x9;" lemma="extempore*" token="extempore" />
      <w prog="14" form="notatum" pos="n-s---ma-&#x9; (n-s-u-nn-) " lemma="noto" token="notatum" />
      <w prog="15" form="," pos="u--------&#x9;" lemma=",*" token="," />
      <w prog="16" form="ut" pos="c--------&#x9;" lemma="ut*" token="ut" />
      <w prog="17" form="fieri" pos="v--pnp---&#x9; (v--pnp---) " lemma="fio" token="fieri" />
      <w prog="18" form="solet" pos="v3spia---&#x9; (v3spia---) " lemma="soleo" token="solet" />
      <w prog="19" form="," pos="u--------&#x9;" lemma=",*" token="," />
      <w prog="20" form="lineae" pos="a-s---fg-&#x9; (a-p---fn-)  (a-p---fv-)  (a-s---fd-)  (a-s---fg-) " lemma="lineus" token="lineae" />
      <w prog="21" form="complendae" pos="t-spgpfg-&#x9;" lemma="complendae*" token="complendae" />
      <w prog="22" form="caussa" pos="n-s---fb-&#x9; (n-s---fb-)  (n-s---fn-)  (n-s---fv-) " lemma="causa" token="caussa" />
      <w prog="23" form="?" pos="v3sria---&#x9;" lemma="?*" token="?" />
    </field>
  </doc>
  <doc>
    <field name="id">s_6</field>
    <field name="sentence_txt">Si huius generis est, iam constat esse mechanicum, et a nostro instituto alienum; sin illius, cur non demonstratur?</field>
    <field name="image_url">http://</field>
    <field name="sentence_id">s_6</field>
    <field name="image_id">s_6</field>
    <field name="info_sentence">s_6</field>
    <field name="info_image">s_6</field>
    <field name="nota">s_6</field>
    <field name="sentence_analysis">
      <w prog="1" form="si" pos="c--------" lemma="si" token="Si" />
      <w prog="2" form="huius" pos="p-s---ng-" lemma="hic" token="huius" />
      <w prog="3" form="generis" pos="n-s---ng-" lemma="genus" token="generis" />
      <w prog="4" form="est" pos="v3spia---" lemma="sum" token="est" />
      <w prog="5" form="," pos="u--------" lemma=",*" token="," />
      <w prog="6" form="iam" pos="d--------" lemma="iam*" token="iam" />
      <w prog="7" form="constat" pos="v3spia---" lemma="consto" token="constat" />
      <w prog="8" form="esse" pos="v--pna---" lemma="sum" token="esse" />
      <w prog="9" form="mechanicum" pos="n-s---ma-" lemma="mechanicum*" token="mechanicum" />
      <w prog="10" form="," pos="u--------" lemma=",*" token="," />
      <w prog="11" form="et" pos="c--------" lemma="et" token="et" />
      <w prog="12" form="a" pos="r--------" lemma="a*" token="a" />
      <w prog="13" form="nostro" pos="a-s---mb-" lemma="noster" token="nostro" />
      <w prog="14" form="instituto" pos="n-s---mb-" lemma="institutum" token="instituto" />
      <w prog="15" form="alienum" pos="a-s---nn-" lemma="alienus" token="alienum" />
      <w prog="16" form=";" pos="v3spia---" lemma=";*" token=";" />
      <w prog="17" form="sin" pos="c--------" lemma="sin" token="sin" />
      <w prog="18" form="illius" pos="p-s---mg-" lemma="ille" token="illius" />
      <w prog="19" form="," pos="u--------" lemma=",*" token="," />
      <w prog="20" form="cur" pos="d--------" lemma="cur" token="cur" />
      <w prog="21" form="non" pos="d--------" lemma="non" token="non" />
      <w prog="22" form="demonstratur" pos="v3spip---" lemma="demonstro" token="demonstratur" />
      <w prog="23" form="?" pos="v--pna---" lemma="?*" token="?" />
    </field>
    <field name="sentence_analysis2">
      <w prog="1" form="si" pos="c--------&#x9; (c--------)  (c--------)  (c--------)  (c--------)  (c--------) " lemma="si" token="Si" />
      <w prog="2" form="huius" pos="p-s---ng-&#x9; (p-s---fg-)  (p-s---fg-)  (p-s---mg-)  (p-s---mg-)  (p-s---ng-)  (p-s---ng-) " lemma="hic" token="huius" />
      <w prog="3" form="generis" pos="n-s---ng-&#x9; (n-p---mb-)  (n-p---md-)  (n-s---ng-) " lemma="genus" token="generis" />
      <w prog="4" form="est" pos="v3spia---&#x9; (v2ppma---)  (v2ppia---)  (v3sfim---)  (v3spia---)  (v3slip---)  (v1sria---)  (v3sria---)  (v2ppma---)  (v2ppia---)  (v3sfim---)  (v3spia---)  (v3spia---)  (v3spia---) " lemma="sum" token="est" />
      <w prog="5" form="," pos="u--------&#x9;" lemma=",*" token="," />
      <w prog="6" form="iam" pos="d--------&#x9;" lemma="iam*" token="iam" />
      <w prog="7" form="constat" pos="v3spia---&#x9; (v3spia---) " lemma="consto" token="constat" />
      <w prog="8" form="esse" pos="v--pna---&#x9; (v3saia---)  (v--pna---)  (v--pna---) " lemma="sum" token="esse" />
      <w prog="9" form="mechanicum" pos="n-s---ma-&#x9;" lemma="mechanicum*" token="mechanicum" />
      <w prog="10" form="," pos="u--------&#x9;" lemma=",*" token="," />
      <w prog="11" form="et" pos="c--------&#x9; (c--------) " lemma="et" token="et" />
      <w prog="12" form="a" pos="r--------&#x9;" lemma="a*" token="a" />
      <w prog="13" form="nostro" pos="a-s---mb-&#x9; (a-s---mb-)  (a-s---md-)  (a-s---nb-)  (a-s---nd-) " lemma="noster" token="nostro" />
      <w prog="14" form="instituto" pos="n-s---mb-&#x9; (n-s---nb-)  (n-s---nd-) " lemma="institutum" token="instituto" />
      <w prog="15" form="alienum" pos="a-s---nn-&#x9; (a-p---mg-)  (a-p---mg-)  (a-p---ng-)  (a-p---ng-)  (a-s---ma-)  (a-s---ma-)  (a-s---na-)  (a-s---na-)  (a-s---nn-)  (a-s---nn-)  (a-s---nv-)  (a-s---nv-) " lemma="alienus" token="alienum" />
      <w prog="16" form=";" pos="v3spia---&#x9;" lemma=";*" token=";" />
      <w prog="17" form="sin" pos="c--------&#x9; (c--------)  (c--------)  (c--------)  (c--------)  (c--------)  (c--------) " lemma="sin" token="sin" />
      <w prog="18" form="illius" pos="p-s---mg-&#x9; (p-s---fg-)  (p-s---mg-)  (p-s---ng-) " lemma="ille" token="illius" />
      <w prog="19" form="," pos="u--------&#x9;" lemma=",*" token="," />
      <w prog="20" form="cur" pos="d--------&#x9; (d--------) " lemma="cur" token="cur" />
      <w prog="21" form="non" pos="d--------&#x9; (d--------)  (d--------) " lemma="non" token="non" />
      <w prog="22" form="demonstratur" pos="v3spip---&#x9; (v3spip---) " lemma="demonstro" token="demonstratur" />
      <w prog="23" form="?" pos="v--pna---&#x9;" lemma="?*" token="?" />
    </field>
  </doc>
  <doc>
    <field name="id">s_7</field>
    <field name="sentence_txt">linea etenim Dinostrati, nequaquam, ne secundum nota quidem puncta geometrice sine demonstratione, describi potest, nedum secundum ignota, cuiusmodi est punctum</field>
    <field name="image_url">http://</field>
    <field name="sentence_id">s_7</field>
    <field name="image_id">s_7</field>
    <field name="info_sentence">s_7</field>
    <field name="info_image">s_7</field>
    <field name="nota">s_7</field>
    <field name="sentence_analysis">
      <w prog="1" form="linea" pos="a-s---fb-" lemma="lineus" token="linea" />
      <w prog="2" form="etenim" pos="c--------" lemma="etenim" token="etenim" />
      <w prog="3" form="dinostrati" pos="t-prppmn-" lemma="dinostrati*" token="Dinostrati" />
      <w prog="4" form="," pos="u--------" lemma=",*" token="," />
      <w prog="5" form="nequaquam" pos="---------" lemma="nequaquam*" token="nequaquam" />
      <w prog="6" form="," pos="u--------" lemma=",*" token="," />
      <w prog="7" form="ne" pos="c--------" lemma="ne" token="ne" />
      <w prog="8" form="secundum" pos="r--------" lemma="secundum" token="secundum" />
      <w prog="9" form="nota" pos="a-p---na-" lemma="Notus" token="nota" />
      <w prog="10" form="quidem" pos="d--------" lemma="quidem" token="quidem" />
      <w prog="11" form="puncta" pos="a-s---fb-" lemma="puncta*" token="puncta" />
      <w prog="12" form="geometrice" pos="n-s---fb-" lemma="geometrice*" token="geometrice" />
      <w prog="13" form="sine" pos="r--------" lemma="sine" token="sine" />
      <w prog="14" form="demonstratione" pos="n-s---fb-" lemma="demonstratio" token="demonstratione" />
      <w prog="15" form="," pos="u--------" lemma=",*" token="," />
      <w prog="16" form="describi" pos="d--------" lemma="describi*" token="describi" />
      <w prog="17" form="potest" pos="v3spia---" lemma="possum" token="potest" />
      <w prog="18" form="," pos="u--------" lemma=",*" token="," />
      <w prog="19" form="nedum" pos="c--------" lemma="nedum" token="nedum" />
      <w prog="20" form="secundum" pos="r--------" lemma="secundum" token="secundum" />
      <w prog="21" form="ignota" pos="n-s---fb-" lemma="ignota*" token="ignota" />
      <w prog="22" form="," pos="u--------" lemma=",*" token="," />
      <w prog="23" form="cuiusmodi" pos="d--------" lemma="cuiusmodi*" token="cuiusmodi" />
      <w prog="24" form="est" pos="v3spia---" lemma="sum" token="est" />
      <w prog="25" form="punctum" pos="t-srppnn-" lemma="pungo" token="punctum" />
    </field>
    <field name="sentence_analysis2">
      <w prog="1" form="linea" pos="a-s---fb-&#x9; (a-d---fa-)  (a-d---fn-)  (a-d---fv-)  (a-p---na-)  (a-p---nn-)  (a-p---nv-)  (a-s---fn-)  (a-s---fv-)  (a-p---na-)  (a-p---nn-)  (a-p---nv-)  (a-s---fb-)  (a-s---fn-)  (a-s---fv-) " lemma="lineus" token="linea" />
      <w prog="2" form="etenim" pos="c--------&#x9; (c--------) " lemma="etenim" token="etenim" />
      <w prog="3" form="dinostrati" pos="t-prppmn-&#x9;" lemma="dinostrati*" token="Dinostrati" />
      <w prog="4" form="," pos="u--------&#x9;" lemma=",*" token="," />
      <w prog="5" form="nequaquam" pos="---------&#x9;" lemma="nequaquam*" token="nequaquam" />
      <w prog="6" form="," pos="u--------&#x9;" lemma=",*" token="," />
      <w prog="7" form="ne" pos="c--------&#x9; (c--------) " lemma="ne" token="ne" />
      <w prog="8" form="secundum" pos="r--------&#x9; (r--------) " lemma="secundum" token="secundum" />
      <w prog="9" form="nota" pos="a-p---na-&#x9; (a-p---na-)  (a-p---na-)  (a-p---nn-)  (a-p---nn-)  (a-p---nv-)  (a-p---nv-)  (a-s---fb-)  (a-s---fb-)  (a-s---fn-)  (a-s---fn-)  (a-s---fv-)  (a-s---fv-) " lemma="Notus" token="nota" />
      <w prog="10" form="quidem" pos="d--------&#x9; (d--------) " lemma="quidem" token="quidem" />
      <w prog="11" form="puncta" pos="a-s---fb-&#x9;" lemma="puncta*" token="puncta" />
      <w prog="12" form="geometrice" pos="n-s---fb-&#x9;" lemma="geometrice*" token="geometrice" />
      <w prog="13" form="sine" pos="r--------&#x9; (r--------) " lemma="sine" token="sine" />
      <w prog="14" form="demonstratione" pos="n-s---fb-&#x9; (n-s---fb-) " lemma="demonstratio" token="demonstratione" />
      <w prog="15" form="," pos="u--------&#x9;" lemma=",*" token="," />
      <w prog="16" form="describi" pos="d--------&#x9;" lemma="describi*" token="describi" />
      <w prog="17" form="potest" pos="v3spia---&#x9; (v3spia---) " lemma="possum" token="potest" />
      <w prog="18" form="," pos="u--------&#x9;" lemma=",*" token="," />
      <w prog="19" form="nedum" pos="c--------&#x9; (c--------) " lemma="nedum" token="nedum" />
      <w prog="20" form="secundum" pos="r--------&#x9; (r--------) " lemma="secundum" token="secundum" />
      <w prog="21" form="ignota" pos="n-s---fb-&#x9;" lemma="ignota*" token="ignota" />
      <w prog="22" form="," pos="u--------&#x9;" lemma=",*" token="," />
      <w prog="23" form="cuiusmodi" pos="d--------&#x9;" lemma="cuiusmodi*" token="cuiusmodi" />
      <w prog="24" form="est" pos="v3spia---&#x9; (v2ppma---)  (v2ppia---)  (v3sfim---)  (v3spia---)  (v3slip---)  (v1sria---)  (v3sria---)  (v2ppma---)  (v2ppia---)  (v3sfim---)  (v3spia---)  (v3spia---)  (v3spia---) " lemma="sum" token="est" />
      <w prog="25" form="punctum" pos="t-srppnn-&#x9; (t-pr-pmg-)  (t-pr-png-)  (t-sr-pma-)  (t-sr-pna-)  (t-sr-pnn-)  (t-sr-pnv-) " lemma="pungo" token="punctum" />
    </field>
  </doc>
  <doc>
    <field name="id">s_8</field>
    <field name="sentence_txt">e hoc est, punctum g in tot aetatum controversia positum.</field>
    <field name="image_url">http://</field>
    <field name="sentence_id">s_8</field>
    <field name="image_id">s_8</field>
    <field name="info_sentence">s_8</field>
    <field name="info_image">s_8</field>
    <field name="nota">s_8</field>
    <field name="sentence_analysis">
      <w prog="1" form="e" pos="r--------" lemma="ex" token="e" />
      <w prog="2" form="hoc" pos="p-s---na-" lemma="hic" token="hoc" />
      <w prog="3" form="est" pos="v3spia---" lemma="sum" token="est" />
      <w prog="4" form="," pos="u--------" lemma=",*" token="," />
      <w prog="5" form="punctum" pos="t-srppnn-" lemma="pungo" token="punctum" />
      <w prog="6" form="g" pos="v3spia---" lemma="g*" token="g" />
      <w prog="7" form="in" pos="r--------" lemma="in" token="in" />
      <w prog="8" form="tot" pos="m--------" lemma="tot*" token="tot" />
      <w prog="9" form="aetatum" pos="n-p---mg-" lemma="aetas" token="aetatum" />
      <w prog="10" form="controversia" pos="n-s---fb-" lemma="controversia" token="controversia" />
      <w prog="11" form="positum" pos="t-srppma-" lemma="pono" token="positum" />
      <w prog="12" form="." pos="u--------" lemma=".*" token="." />
    </field>
    <field name="sentence_analysis2">
      <w prog="1" form="e" pos="r--------&#x9; (r--------) " lemma="ex" token="e" />
      <w prog="2" form="hoc" pos="p-s---na-&#x9; (p-s---mb-)  (p-s---mb-)  (p-s---nb-)  (p-s---nb-)  (p-s---na-)  (p-s---na-)  (p-s---nn-)  (p-s---nn-) " lemma="hic" token="hoc" />
      <w prog="3" form="est" pos="v3spia---&#x9; (v2ppma---)  (v2ppia---)  (v3sfim---)  (v3spia---)  (v3slip---)  (v1sria---)  (v3sria---)  (v2ppma---)  (v2ppia---)  (v3sfim---)  (v3spia---)  (v3spia---)  (v3spia---) " lemma="sum" token="est" />
      <w prog="4" form="," pos="u--------&#x9;" lemma=",*" token="," />
      <w prog="5" form="punctum" pos="t-srppnn-&#x9; (t-pr-pmg-)  (t-pr-png-)  (t-sr-pma-)  (t-sr-pna-)  (t-sr-pnn-)  (t-sr-pnv-) " lemma="pungo" token="punctum" />
      <w prog="6" form="g" pos="v3spia---&#x9;" lemma="g*" token="g" />
      <w prog="7" form="in" pos="r--------&#x9; (r--------) " lemma="in" token="in" />
      <w prog="8" form="tot" pos="m--------&#x9;" lemma="tot*" token="tot" />
      <w prog="9" form="aetatum" pos="n-p---mg-&#x9; (n-p---fg-) " lemma="aetas" token="aetatum" />
      <w prog="10" form="controversia" pos="n-s---fb-&#x9; (n-s---fb-)  (n-s---fn-)  (n-s---fv-) " lemma="controversia" token="controversia" />
      <w prog="11" form="positum" pos="t-srppma-&#x9; (t-pr-pmg-)  (t-pr-png-)  (t-sr-pma-)  (t-sr-pna-)  (t-sr-pnn-)  (t-sr-pnv-) " lemma="pono" token="positum" />
      <w prog="12" form="." pos="u--------&#x9;" lemma=".*" token="." />
    </field>
  </doc>
  <doc>
    <field name="id">s_9</field>
    <field name="sentence_txt">Nam quod ad tres quadrantes attinet, concedo omnes esse unum et eundem, sed nego ullum esse quadrantem medium, nisi prius ostendatur punctum g esse in linea iam dicta.</field>
    <field name="image_url">http://</field>
    <field name="sentence_id">s_9</field>
    <field name="image_id">s_9</field>
    <field name="info_sentence">s_9</field>
    <field name="info_image">s_9</field>
    <field name="nota">s_9</field>
    <field name="sentence_analysis">
      <w prog="1" form="nam" pos="c--------" lemma="nam" token="Nam" />
      <w prog="2" form="quod" pos="c--------" lemma="quod*" token="quod" />
      <w prog="3" form="ad" pos="r--------" lemma="ad" token="ad" />
      <w prog="4" form="tres" pos="m--------" lemma="tres" token="tres" />
      <w prog="5" form="quadrantes" pos="n-p---fa-" lemma="quadrantes*" token="quadrantes" />
      <w prog="6" form="attinet" pos="v3spia---" lemma="attineo" token="attinet" />
      <w prog="7" form="," pos="u--------" lemma=",*" token="," />
      <w prog="8" form="concedo" pos="d--------" lemma="concedo*" token="concedo" />
      <w prog="9" form="omnes" pos="a-p---mn-" lemma="omnis" token="omnes" />
      <w prog="10" form="esse" pos="v--pna---" lemma="sum" token="esse" />
      <w prog="11" form="unum" pos="a-s---ma-" lemma="unus" token="unum" />
      <w prog="12" form="et" pos="c--------" lemma="et" token="et" />
      <w prog="13" form="eundem" pos="p-s---ma-" lemma="idem" token="eundem" />
      <w prog="14" form="," pos="u--------" lemma=",*" token="," />
      <w prog="15" form="sed" pos="c--------" lemma="sed" token="sed" />
      <w prog="16" form="nego" pos="n-s---nb-" lemma="nego*" token="nego" />
      <w prog="17" form="ullum" pos="a-s---ma-" lemma="ullus" token="ullum" />
      <w prog="18" form="esse" pos="v--pna---" lemma="sum" token="esse" />
      <w prog="19" form="quadrantem" pos="n-s---ma-" lemma="quadrantem*" token="quadrantem" />
      <w prog="20" form="medium" pos="n-s---ma-" lemma="medius" token="medium" />
      <w prog="21" form="," pos="u--------" lemma=",*" token="," />
      <w prog="22" form="nisi" pos="c--------" lemma="nisi" token="nisi" />
      <w prog="23" form="prius" pos="d--------" lemma="prius*" token="prius" />
      <w prog="24" form="ostendatur" pos="v3spip---" lemma="ostendo" token="ostendatur" />
      <w prog="25" form="punctum" pos="t-srppnn-" lemma="pungo" token="punctum" />
      <w prog="26" form="g" pos="v3spia---" lemma="g*" token="g" />
      <w prog="27" form="esse" pos="v--pna---" lemma="sum" token="esse" />
      <w prog="28" form="in" pos="r--------" lemma="in" token="in" />
      <w prog="29" form="linea" pos="a-s---fb-" lemma="lineus" token="linea" />
      <w prog="30" form="iam" pos="d--------" lemma="iam*" token="iam" />
      <w prog="31" form="dicta" pos="n-p---na-" lemma="dictum" token="dicta" />
      <w prog="32" form="." pos="u--------" lemma=".*" token="." />
    </field>
    <field name="sentence_analysis2">
      <w prog="1" form="nam" pos="c--------&#x9; (c--------) " lemma="nam" token="Nam" />
      <w prog="2" form="quod" pos="c--------&#x9;" lemma="quod*" token="quod" />
      <w prog="3" form="ad" pos="r--------&#x9; (r--------) " lemma="ad" token="ad" />
      <w prog="4" form="tres" pos="m--------&#x9; (m-p---fa-)  (m-p---fn-)  (m-p---ma-)  (m-p---mn-) " lemma="tres" token="tres" />
      <w prog="5" form="quadrantes" pos="n-p---fa-&#x9;" lemma="quadrantes*" token="quadrantes" />
      <w prog="6" form="attinet" pos="v3spia---&#x9; (v3spia---) " lemma="attineo" token="attinet" />
      <w prog="7" form="," pos="u--------&#x9;" lemma=",*" token="," />
      <w prog="8" form="concedo" pos="d--------&#x9;" lemma="concedo*" token="concedo" />
      <w prog="9" form="omnes" pos="a-p---mn-&#x9; (a-p---fa-)  (a-p---fn-)  (a-p---fv-)  (a-p---ma-)  (a-p---mn-)  (a-p---mv-) " lemma="omnis" token="omnes" />
      <w prog="10" form="esse" pos="v--pna---&#x9; (v3saia---)  (v--pna---)  (v--pna---) " lemma="sum" token="esse" />
      <w prog="11" form="unum" pos="a-s---ma-&#x9; (a-p---mg-)  (a-p---mg-)  (a-p---ng-)  (a-p---ng-)  (a-s---ma-)  (a-s---ma-)  (a-s---na-)  (a-s---na-)  (a-s---nn-)  (a-s---nn-)  (a-s---nv-)  (a-s---nv-) " lemma="unus" token="unum" />
      <w prog="12" form="et" pos="c--------&#x9; (c--------) " lemma="et" token="et" />
      <w prog="13" form="eundem" pos="p-s---ma-&#x9; (p-s---ma-) " lemma="idem" token="eundem" />
      <w prog="14" form="," pos="u--------&#x9;" lemma=",*" token="," />
      <w prog="15" form="sed" pos="c--------&#x9; (c--------) " lemma="sed" token="sed" />
      <w prog="16" form="nego" pos="n-s---nb-&#x9;" lemma="nego*" token="nego" />
      <w prog="17" form="ullum" pos="a-s---ma-&#x9; (a-p---mg-)  (a-p---ng-)  (a-s---ma-)  (a-s---na-)  (a-s---nn-)  (a-s---nv-) " lemma="ullus" token="ullum" />
      <w prog="18" form="esse" pos="v--pna---&#x9; (v3saia---)  (v--pna---)  (v--pna---) " lemma="sum" token="esse" />
      <w prog="19" form="quadrantem" pos="n-s---ma-&#x9;" lemma="quadrantem*" token="quadrantem" />
      <w prog="20" form="medium" pos="n-s---ma-&#x9; (n-p---ng-)  (n-s---na-)  (n-s---nn-)  (n-s---nv-)  (n-p---mg-)  (n-p---mg-)  (n-s---ma-)  (n-s---ma-) " lemma="medius" token="medium" />
      <w prog="21" form="," pos="u--------&#x9;" lemma=",*" token="," />
      <w prog="22" form="nisi" pos="c--------&#x9; (c--------) " lemma="nisi" token="nisi" />
      <w prog="23" form="prius" pos="d--------&#x9;" lemma="prius*" token="prius" />
      <w prog="24" form="ostendatur" pos="v3spip---&#x9; (v3spsp---) " lemma="ostendo" token="ostendatur" />
      <w prog="25" form="punctum" pos="t-srppnn-&#x9; (t-pr-pmg-)  (t-pr-png-)  (t-sr-pma-)  (t-sr-pna-)  (t-sr-pnn-)  (t-sr-pnv-) " lemma="pungo" token="punctum" />
      <w prog="26" form="g" pos="v3spia---&#x9;" lemma="g*" token="g" />
      <w prog="27" form="esse" pos="v--pna---&#x9; (v3saia---)  (v--pna---)  (v--pna---) " lemma="sum" token="esse" />
      <w prog="28" form="in" pos="r--------&#x9; (r--------) " lemma="in" token="in" />
      <w prog="29" form="linea" pos="a-s---fb-&#x9; (a-d---fa-)  (a-d---fn-)  (a-d---fv-)  (a-p---na-)  (a-p---nn-)  (a-p---nv-)  (a-s---fn-)  (a-s---fv-)  (a-p---na-)  (a-p---nn-)  (a-p---nv-)  (a-s---fb-)  (a-s---fn-)  (a-s---fv-) " lemma="lineus" token="linea" />
      <w prog="30" form="iam" pos="d--------&#x9;" lemma="iam*" token="iam" />
      <w prog="31" form="dicta" pos="n-p---na-&#x9; (n-p---na-)  (n-p---nn-)  (n-p---nv-) " lemma="dictum" token="dicta" />
      <w prog="32" form="." pos="u--------&#x9;" lemma=".*" token="." />
    </field>
  </doc>
  <doc>
    <field name="id">s_10</field>
    <field name="sentence_txt">ex quo sequitur nondum penitus adsolutum esse libellum de inventione puncti ultimi quod tum scripsi; quamvis a perfectione non longe absit verum ego de securitate geometrica loquor.</field>
    <field name="image_url">http://</field>
    <field name="sentence_id">s_10</field>
    <field name="image_id">s_10</field>
    <field name="info_sentence">s_10</field>
    <field name="info_image">s_10</field>
    <field name="nota">s_10</field>
    <field name="sentence_analysis">
      <w prog="1" form="ex" pos="r--------" lemma="ex" token="ex" />
      <w prog="2" form="quo" pos="p-s---mb-" lemma="quis" token="quo" />
      <w prog="3" form="sequitur" pos="v3spip---" lemma="sequor" token="sequitur" />
      <w prog="4" form="nondum" pos="d--------" lemma="nondum*" token="nondum" />
      <w prog="5" form="penitus" pos="d--------" lemma="penitus*" token="penitus" />
      <w prog="6" form="adsolutum" pos="t-srppma-" lemma="adsolutum*" token="adsolutum" />
      <w prog="7" form="esse" pos="v--pna---" lemma="sum" token="esse" />
      <w prog="8" form="libellum" pos="n-s---ma-" lemma="libellus" token="libellum" />
      <w prog="9" form="de" pos="r--------" lemma="de" token="de" />
      <w prog="10" form="inventione" pos="n-s---fb-" lemma="inventio" token="inventione" />
      <w prog="11" form="puncti" pos="t-prppmn-" lemma="pungo" token="puncti" />
      <w prog="12" form="ultimi" pos="a-p---mn-" lemma="ultimi*" token="ultimi" />
      <w prog="13" form="quod" pos="c--------" lemma="quod*" token="quod" />
      <w prog="14" form="tum" pos="d--------" lemma="tum" token="tum" />
      <w prog="15" form="scripsi" pos="t-prppmn-" lemma="scripsi*" token="scripsi" />
      <w prog="16" form=";" pos="d--------" lemma=";*" token=";" />
      <w prog="17" form="quamvis" pos="d--------" lemma="quamvis" token="quamvis" />
      <w prog="18" form="a" pos="r--------" lemma="a*" token="a" />
      <w prog="19" form="perfectione" pos="n-s---fb-" lemma="perfectio" token="perfectione" />
      <w prog="20" form="non" pos="d--------" lemma="non" token="non" />
      <w prog="21" form="longe" pos="d--------" lemma="longus" token="longe" />
      <w prog="22" form="absit" pos="v3sria---" lemma="absum" token="absit" />
      <w prog="23" form="verum" pos="c--------" lemma="verum*" token="verum" />
      <w prog="24" form="ego" pos="p-s---mn-" lemma="ego" token="ego" />
      <w prog="25" form="de" pos="r--------" lemma="de" token="de" />
      <w prog="26" form="securitate" pos="n-s---fb-" lemma="securitas" token="securitate" />
      <w prog="27" form="geometrica" pos="n-p---na-" lemma="geometrica*" token="geometrica" />
      <w prog="28" form="loquor" pos="v1spip---" lemma="loquor" token="loquor" />
      <w prog="29" form="." pos="u--------" lemma=".*" token="." />
    </field>
    <field name="sentence_analysis2">
      <w prog="1" form="ex" pos="r--------&#x9; (r--------) " lemma="ex" token="ex" />
      <w prog="2" form="quo" pos="p-s---mb-&#x9; (p-s---mb-)  (p-s---nb-)  (p-s---fb-)  (p-s---mb-)  (p-s---nb-)  (p-s---fb-)  (p-s---mb-)  (p-s---nb-) " lemma="quis" token="quo" />
      <w prog="3" form="sequitur" pos="v3spip---&#x9; (v3spip---) " lemma="sequor" token="sequitur" />
      <w prog="4" form="nondum" pos="d--------&#x9;" lemma="nondum*" token="nondum" />
      <w prog="5" form="penitus" pos="d--------&#x9;" lemma="penitus*" token="penitus" />
      <w prog="6" form="adsolutum" pos="t-srppma-&#x9;" lemma="adsolutum*" token="adsolutum" />
      <w prog="7" form="esse" pos="v--pna---&#x9; (v3saia---)  (v--pna---)  (v--pna---) " lemma="sum" token="esse" />
      <w prog="8" form="libellum" pos="n-s---ma-&#x9; (n-p---mg-)  (n-s---ma-) " lemma="libellus" token="libellum" />
      <w prog="9" form="de" pos="r--------&#x9; (r--------)  (r--------) " lemma="de" token="de" />
      <w prog="10" form="inventione" pos="n-s---fb-&#x9; (n-s---fb-) " lemma="inventio" token="inventione" />
      <w prog="11" form="puncti" pos="t-prppmn-&#x9; (t-pr-pmn-)  (t-pr-pmv-)  (t-sr-pmg-)  (t-sr-png-) " lemma="pungo" token="puncti" />
      <w prog="12" form="ultimi" pos="a-p---mn-&#x9;" lemma="ultimi*" token="ultimi" />
      <w prog="13" form="quod" pos="c--------&#x9;" lemma="quod*" token="quod" />
      <w prog="14" form="tum" pos="d--------&#x9; (d--------) " lemma="tum" token="tum" />
      <w prog="15" form="scripsi" pos="t-prppmn-&#x9;" lemma="scripsi*" token="scripsi" />
      <w prog="16" form=";" pos="d--------&#x9;" lemma=";*" token=";" />
      <w prog="17" form="quamvis" pos="d--------&#x9; (d--------) " lemma="quamvis" token="quamvis" />
      <w prog="18" form="a" pos="r--------&#x9;" lemma="a*" token="a" />
      <w prog="19" form="perfectione" pos="n-s---fb-&#x9; (n-s---fb-) " lemma="perfectio" token="perfectione" />
      <w prog="20" form="non" pos="d--------&#x9; (d--------)  (d--------) " lemma="non" token="non" />
      <w prog="21" form="longe" pos="d--------&#x9; (d--------) " lemma="longus" token="longe" />
      <w prog="22" form="absit" pos="v3sria---&#x9; (v3spsa---) " lemma="absum" token="absit" />
      <w prog="23" form="verum" pos="c--------&#x9;" lemma="verum*" token="verum" />
      <w prog="24" form="ego" pos="p-s---mn-&#x9; (p-s---fn-)  (p-s---mn-) " lemma="ego" token="ego" />
      <w prog="25" form="de" pos="r--------&#x9; (r--------)  (r--------) " lemma="de" token="de" />
      <w prog="26" form="securitate" pos="n-s---fb-&#x9; (n-s---fb-) " lemma="securitas" token="securitate" />
      <w prog="27" form="geometrica" pos="n-p---na-&#x9;" lemma="geometrica*" token="geometrica" />
      <w prog="28" form="loquor" pos="v1spip---&#x9; (v1spip---) " lemma="loquor" token="loquor" />
      <w prog="29" form="." pos="u--------&#x9;" lemma=".*" token="." />
    </field>
  </doc>
  <doc>
    <field name="id">s_11</field>
    <field name="sentence_txt">Quia si, ut ratio naturalis docet, propter quod unum quodque tale fuerit illud magis est tale; et punctum g ut iam docui, est incertum, multo incertius erit punctum e cum huius veritas ex illius veritate dependeat.</field>
    <field name="image_url">http://</field>
    <field name="sentence_id">s_11</field>
    <field name="image_id">s_11</field>
    <field name="info_sentence">s_11</field>
    <field name="info_image">s_11</field>
    <field name="nota">s_11</field>
    <field name="sentence_analysis">
      <w prog="1" form="quia" pos="c--------" lemma="quia" token="Quia" />
      <w prog="2" form="si" pos="c--------" lemma="si" token="si" />
      <w prog="3" form="," pos="u--------" lemma=",*" token="," />
      <w prog="4" form="ut" pos="c--------" lemma="ut*" token="ut" />
      <w prog="5" form="ratio" pos="n-s---fn-" lemma="ratio" token="ratio" />
      <w prog="6" form="naturalis" pos="a-s---fn-" lemma="naturalis" token="naturalis" />
      <w prog="7" form="docet" pos="v3spia---" lemma="doceo" token="docet" />
      <w prog="8" form="," pos="u--------" lemma=",*" token="," />
      <w prog="9" form="propter" pos="r--------" lemma="propter" token="propter" />
      <w prog="10" form="quod" pos="p-s---na-" lemma="qui" token="quod" />
      <w prog="11" form="unum" pos="a-s---na-" lemma="unus" token="unum" />
      <w prog="12" form="quodque" pos="p-s---na-" lemma="quisque" token="quodque" />
      <w prog="13" form="tale" pos="a-s---na-" lemma="talis" token="tale" />
      <w prog="14" form="fuerit" pos="v3srsa---" lemma="sum" token="fuerit" />
      <w prog="15" form="illud" pos="p-s---nn-" lemma="ille" token="illud" />
      <w prog="16" form="magis" pos="d--------" lemma="magnus" token="magis" />
      <w prog="17" form="est" pos="v3spia---" lemma="sum" token="est" />
      <w prog="18" form="tale" pos="a-s---na-" lemma="talis" token="tale" />
      <w prog="19" form=";" pos="n-s---fa-" lemma=";*" token=";" />
      <w prog="20" form="et" pos="c--------" lemma="et" token="et" />
      <w prog="21" form="punctum" pos="t-srppnn-" lemma="pungo" token="punctum" />
      <w prog="22" form="g" pos="v3spia---" lemma="g*" token="g" />
      <w prog="23" form="ut" pos="c--------" lemma="ut*" token="ut" />
      <w prog="24" form="iam" pos="d--------" lemma="iam*" token="iam" />
      <w prog="25" form="docui" pos="v1sria---" lemma="doceo" token="docui" />
      <w prog="26" form="," pos="u--------" lemma=",*" token="," />
      <w prog="27" form="est" pos="v3spia---" lemma="sum" token="est" />
      <w prog="28" form="incertum" pos="n-s---ma-" lemma="incertum" token="incertum" />
      <w prog="29" form="," pos="u--------" lemma=",*" token="," />
      <w prog="30" form="multo" pos="d--------" lemma="multo*" token="multo" />
      <w prog="31" form="incertius" pos="d--------" lemma="incertus" token="incertius" />
      <w prog="32" form="erit" pos="v3sfia---" lemma="sum" token="erit" />
      <w prog="33" form="punctum" pos="n-s---na-" lemma="pungo" token="punctum" />
      <w prog="34" form="e" pos="r--------" lemma="ex" token="e" />
      <w prog="35" form="cum" pos="r--------" lemma="cum" token="cum" />
      <w prog="36" form="huius" pos="p-s---fg-" lemma="hic" token="huius" />
      <w prog="37" form="veritas" pos="n-s---fn-" lemma="veritas*" token="veritas" />
      <w prog="38" form="ex" pos="r--------" lemma="ex" token="ex" />
      <w prog="39" form="illius" pos="p-s---mg-" lemma="ille" token="illius" />
      <w prog="40" form="veritate" pos="n-s---fb-" lemma="veritas" token="veritate" />
      <w prog="41" form="dependeat" pos="v3spsa---" lemma="dependeo" token="dependeat" />
      <w prog="42" form="." pos="u--------" lemma=".*" token="." />
    </field>
    <field name="sentence_analysis2">
      <w prog="1" form="quia" pos="c--------&#x9; (c--------) " lemma="quia" token="Quia" />
      <w prog="2" form="si" pos="c--------&#x9; (c--------)  (c--------)  (c--------)  (c--------)  (c--------) " lemma="si" token="si" />
      <w prog="3" form="," pos="u--------&#x9;" lemma=",*" token="," />
      <w prog="4" form="ut" pos="c--------&#x9;" lemma="ut*" token="ut" />
      <w prog="5" form="ratio" pos="n-s---fn-&#x9; (n-s---fn-)  (n-s---fv-) " lemma="ratio" token="ratio" />
      <w prog="6" form="naturalis" pos="a-s---fn-&#x9; (a-p---fa-)  (a-p---ma-)  (a-s---fg-)  (a-s---fn-)  (a-s---fv-)  (a-s---mg-)  (a-s---mn-)  (a-s---mv-)  (a-s---ng-) " lemma="naturalis" token="naturalis" />
      <w prog="7" form="docet" pos="v3spia---&#x9; (v2pasa---)  (v2pfia---)  (v3sasm---)  (v3sfim---)  (v3spia---) " lemma="doceo" token="docet" />
      <w prog="8" form="," pos="u--------&#x9;" lemma=",*" token="," />
      <w prog="9" form="propter" pos="r--------&#x9; (r--------)  (r--------) " lemma="propter" token="propter" />
      <w prog="10" form="quod" pos="p-s---na-&#x9; (p-s---na-)  (p-s---nn-)  (p-s---na-)  (p-s---nn-) " lemma="qui" token="quod" />
      <w prog="11" form="unum" pos="a-s---na-&#x9; (a-p---mg-)  (a-p---mg-)  (a-p---ng-)  (a-p---ng-)  (a-s---ma-)  (a-s---ma-)  (a-s---na-)  (a-s---na-)  (a-s---nn-)  (a-s---nn-)  (a-s---nv-)  (a-s---nv-) " lemma="unus" token="unum" />
      <w prog="12" form="quodque" pos="p-s---na-&#x9; (p-s---na-)  (p-s---nn-) " lemma="quisque" token="quodque" />
      <w prog="13" form="tale" pos="a-s---na-&#x9; (a-s---na-)  (a-s---nn-)  (a-s---nv-) " lemma="talis" token="tale" />
      <w prog="14" form="fuerit" pos="v3srsa---&#x9; (v3stia---)  (v3srsa---) " lemma="sum" token="fuerit" />
      <w prog="15" form="illud" pos="p-s---nn-&#x9; (p-s---na-)  (p-s---nn-) " lemma="ille" token="illud" />
      <w prog="16" form="magis" pos="d--------&#x9; (d--------)  (d--------)  (d--------) " lemma="magnus" token="magis" />
      <w prog="17" form="est" pos="v3spia---&#x9; (v2ppma---)  (v2ppia---)  (v3sfim---)  (v3spia---)  (v3slip---)  (v1sria---)  (v3sria---)  (v2ppma---)  (v2ppia---)  (v3sfim---)  (v3spia---)  (v3spia---)  (v3spia---) " lemma="sum" token="est" />
      <w prog="18" form="tale" pos="a-s---na-&#x9; (a-s---na-)  (a-s---nn-)  (a-s---nv-) " lemma="talis" token="tale" />
      <w prog="19" form=";" pos="n-s---fa-&#x9;" lemma=";*" token=";" />
      <w prog="20" form="et" pos="c--------&#x9; (c--------) " lemma="et" token="et" />
      <w prog="21" form="punctum" pos="t-srppnn-&#x9; (t-pr-pmg-)  (t-pr-png-)  (t-sr-pma-)  (t-sr-pna-)  (t-sr-pnn-)  (t-sr-pnv-) " lemma="pungo" token="punctum" />
      <w prog="22" form="g" pos="v3spia---&#x9;" lemma="g*" token="g" />
      <w prog="23" form="ut" pos="c--------&#x9;" lemma="ut*" token="ut" />
      <w prog="24" form="iam" pos="d--------&#x9;" lemma="iam*" token="iam" />
      <w prog="25" form="docui" pos="v1sria---&#x9; (v1sria---) " lemma="doceo" token="docui" />
      <w prog="26" form="," pos="u--------&#x9;" lemma=",*" token="," />
      <w prog="27" form="est" pos="v3spia---&#x9; (v2ppma---)  (v2ppia---)  (v3sfim---)  (v3spia---)  (v3slip---)  (v1sria---)  (v3sria---)  (v2ppma---)  (v2ppia---)  (v3sfim---)  (v3spia---)  (v3spia---)  (v3spia---) " lemma="sum" token="est" />
      <w prog="28" form="incertum" pos="n-s---ma-&#x9; (n-p---ng-)  (n-p---ng-)  (n-s---na-)  (n-s---na-)  (n-s---nn-)  (n-s---nn-)  (n-s---nv-)  (n-s---nv-) " lemma="incertum" token="incertum" />
      <w prog="29" form="," pos="u--------&#x9;" lemma=",*" token="," />
      <w prog="30" form="multo" pos="d--------&#x9;" lemma="multo*" token="multo" />
      <w prog="31" form="incertius" pos="d--------&#x9; (d-------c) " lemma="incertus" token="incertius" />
      <w prog="32" form="erit" pos="v3sfia---&#x9; (v3sfia---) " lemma="sum" token="erit" />
      <w prog="33" form="punctum" pos="n-s---na-&#x9; (n-p---ng-)  (n-s---na-)  (n-s---nn-)  (n-s---nv-)  (n-s-u-nn-) " lemma="pungo" token="punctum" />
      <w prog="34" form="e" pos="r--------&#x9; (r--------) " lemma="ex" token="e" />
      <w prog="35" form="cum" pos="r--------&#x9; (r--------)  (r--------) " lemma="cum" token="cum" />
      <w prog="36" form="huius" pos="p-s---fg-&#x9; (p-s---fg-)  (p-s---fg-)  (p-s---mg-)  (p-s---mg-)  (p-s---ng-)  (p-s---ng-) " lemma="hic" token="huius" />
      <w prog="37" form="veritas" pos="n-s---fn-&#x9;" lemma="veritas*" token="veritas" />
      <w prog="38" form="ex" pos="r--------&#x9; (r--------) " lemma="ex" token="ex" />
      <w prog="39" form="illius" pos="p-s---mg-&#x9; (p-s---fg-)  (p-s---mg-)  (p-s---ng-) " lemma="ille" token="illius" />
      <w prog="40" form="veritate" pos="n-s---fb-&#x9; (n-s---fb-) " lemma="veritas" token="veritate" />
      <w prog="41" form="dependeat" pos="v3spsa---&#x9; (v3spsa---) " lemma="dependeo" token="dependeat" />
      <w prog="42" form="." pos="u--------&#x9;" lemma=".*" token="." />
    </field>
  </doc>
  <doc>
    <field name="id">s_12</field>
    <field name="sentence_txt">Quamobrem tuarum partium est, optime magister, quoniam praeclaram hanc segetem tanta dexteritate sevisti, et rigasti, tandem ad maturitatem perductam, humano genere invisendam communices.</field>
    <field name="image_url">http://</field>
    <field name="sentence_id">s_12</field>
    <field name="image_id">s_12</field>
    <field name="info_sentence">s_12</field>
    <field name="info_image">s_12</field>
    <field name="nota">s_12</field>
    <field name="sentence_analysis">
      <w prog="1" form="quamobrem" pos="n-s---fa-" lemma="quamobrem*" token="Quamobrem" />
      <w prog="2" form="tuarum" pos="a-p---fg-" lemma="tuus" token="tuarum" />
      <w prog="3" form="partium" pos="n-p---fg-" lemma="pars" token="partium" />
      <w prog="4" form="est" pos="v3spia---" lemma="sum" token="est" />
      <w prog="5" form="," pos="u--------" lemma=",*" token="," />
      <w prog="6" form="optime" pos="d--------" lemma="optume" token="optime" />
      <w prog="7" form="magister" pos="n-s---mn-" lemma="magister" token="magister" />
      <w prog="8" form="," pos="u--------" lemma=",*" token="," />
      <w prog="9" form="quoniam" pos="c--------" lemma="quoniam*" token="quoniam" />
      <w prog="10" form="praeclaram" pos="a-s---fa-" lemma="praeclarus" token="praeclaram" />
      <w prog="11" form="hanc" pos="p-s---fa-" lemma="hic" token="hanc" />
      <w prog="12" form="segetem" pos="n-s---fa-" lemma="seges" token="segetem" />
      <w prog="13" form="tanta" pos="a-s---fb-" lemma="tantus" token="tanta" />
      <w prog="14" form="dexteritate" pos="n-s---fb-" lemma="dexteritas" token="dexteritate" />
      <w prog="15" form="sevisti" pos="t-prppmn-" lemma="sevisti*" token="sevisti" />
      <w prog="16" form="," pos="u--------" lemma=",*" token="," />
      <w prog="17" form="et" pos="c--------" lemma="et" token="et" />
      <w prog="18" form="rigasti" pos="v2sria---" lemma="rigasti*" token="rigasti" />
      <w prog="19" form="," pos="u--------" lemma=",*" token="," />
      <w prog="20" form="tandem" pos="d--------" lemma="tandem" token="tandem" />
      <w prog="21" form="ad" pos="r--------" lemma="ad" token="ad" />
      <w prog="22" form="maturitatem" pos="n-s---fa-" lemma="maturitas" token="maturitatem" />
      <w prog="23" form="perductam" pos="a-s---fa-" lemma="perductam*" token="perductam" />
      <w prog="24" form="," pos="u--------" lemma=",*" token="," />
      <w prog="25" form="humano" pos="a-s---nb-" lemma="humanus" token="humano" />
      <w prog="26" form="genere" pos="n-s---nb-" lemma="genus" token="genere" />
      <w prog="27" form="invisendam" pos="d--------" lemma="invisendam*" token="invisendam" />
      <w prog="28" form="communices" pos="n-p---fa-" lemma="communices*" token="communices" />
      <w prog="29" form="." pos="u--------" lemma=".*" token="." />
    </field>
    <field name="sentence_analysis2">
      <w prog="1" form="quamobrem" pos="n-s---fa-&#x9;" lemma="quamobrem*" token="Quamobrem" />
      <w prog="2" form="tuarum" pos="a-p---fg-&#x9; (a-p---fg-) " lemma="tuus" token="tuarum" />
      <w prog="3" form="partium" pos="n-p---fg-&#x9; (n-p---fg-) " lemma="pars" token="partium" />
      <w prog="4" form="est" pos="v3spia---&#x9; (v2ppma---)  (v2ppia---)  (v3sfim---)  (v3spia---)  (v3slip---)  (v1sria---)  (v3sria---)  (v2ppma---)  (v2ppia---)  (v3sfim---)  (v3spia---)  (v3spia---)  (v3spia---) " lemma="sum" token="est" />
      <w prog="5" form="," pos="u--------&#x9;" lemma=",*" token="," />
      <w prog="6" form="optime" pos="d--------&#x9; (d--------)  (d--------)  (d--------)  (d--------) " lemma="optume" token="optime" />
      <w prog="7" form="magister" pos="n-s---mn-&#x9; (n-s---mn-)  (n-s---mv-) " lemma="magister" token="magister" />
      <w prog="8" form="," pos="u--------&#x9;" lemma=",*" token="," />
      <w prog="9" form="quoniam" pos="c--------&#x9;" lemma="quoniam*" token="quoniam" />
      <w prog="10" form="praeclaram" pos="a-s---fa-&#x9; (a-s---fa-) " lemma="praeclarus" token="praeclaram" />
      <w prog="11" form="hanc" pos="p-s---fa-&#x9; (p-s---fa-)  (p-s---fa-) " lemma="hic" token="hanc" />
      <w prog="12" form="segetem" pos="n-s---fa-&#x9; (n-s---fa-) " lemma="seges" token="segetem" />
      <w prog="13" form="tanta" pos="a-s---fb-&#x9; (a-p---na-)  (a-p---nn-)  (a-p---nv-)  (a-s---fb-)  (a-s---fn-)  (a-s---fv-) " lemma="tantus" token="tanta" />
      <w prog="14" form="dexteritate" pos="n-s---fb-&#x9; (n-s---fb-) " lemma="dexteritas" token="dexteritate" />
      <w prog="15" form="sevisti" pos="t-prppmn-&#x9;" lemma="sevisti*" token="sevisti" />
      <w prog="16" form="," pos="u--------&#x9;" lemma=",*" token="," />
      <w prog="17" form="et" pos="c--------&#x9; (c--------) " lemma="et" token="et" />
      <w prog="18" form="rigasti" pos="v2sria---&#x9;" lemma="rigasti*" token="rigasti" />
      <w prog="19" form="," pos="u--------&#x9;" lemma=",*" token="," />
      <w prog="20" form="tandem" pos="d--------&#x9; (d--------) " lemma="tandem" token="tandem" />
      <w prog="21" form="ad" pos="r--------&#x9; (r--------) " lemma="ad" token="ad" />
      <w prog="22" form="maturitatem" pos="n-s---fa-&#x9; (n-s---fa-) " lemma="maturitas" token="maturitatem" />
      <w prog="23" form="perductam" pos="a-s---fa-&#x9;" lemma="perductam*" token="perductam" />
      <w prog="24" form="," pos="u--------&#x9;" lemma=",*" token="," />
      <w prog="25" form="humano" pos="a-s---nb-&#x9; (a-s---mb-)  (a-s---md-)  (a-s---nb-)  (a-s---nd-) " lemma="humanus" token="humano" />
      <w prog="26" form="genere" pos="n-s---nb-&#x9; (n-s---mv-)  (n-s---nb-) " lemma="genus" token="genere" />
      <w prog="27" form="invisendam" pos="d--------&#x9;" lemma="invisendam*" token="invisendam" />
      <w prog="28" form="communices" pos="n-p---fa-&#x9;" lemma="communices*" token="communices" />
      <w prog="29" form="." pos="u--------&#x9;" lemma=".*" token="." />
    </field>
  </doc>
  <doc>
    <field name="id">s_13</field>
    <field name="sentence_txt">bene vale; et nobis, tum de his tum etiam de Ubaldi novitate, quod commodo tuo fiat, quamprimum responde.</field>
    <field name="image_url">http://</field>
    <field name="sentence_id">s_13</field>
    <field name="image_id">s_13</field>
    <field name="info_sentence">s_13</field>
    <field name="info_image">s_13</field>
    <field name="nota">s_13</field>
    <field name="sentence_analysis">
      <w prog="1" form="bene" pos="d--------" lemma="bene" token="bene" />
      <w prog="2" form="vale" pos="a-s---nn-" lemma="vale*" token="vale" />
      <w prog="3" form=";" pos="v3spia---" lemma=";*" token=";" />
      <w prog="4" form="et" pos="c--------" lemma="et" token="et" />
      <w prog="5" form="nobis" pos="p-p---md-" lemma="nos" token="nobis" />
      <w prog="6" form="," pos="u--------" lemma=",*" token="," />
      <w prog="7" form="tum" pos="d--------" lemma="tum" token="tum" />
      <w prog="8" form="de" pos="r--------" lemma="de" token="de" />
      <w prog="9" form="his" pos="p-p---mb-" lemma="hic" token="his" />
      <w prog="10" form="tum" pos="d--------" lemma="tum" token="tum" />
      <w prog="11" form="etiam" pos="d--------" lemma="etiam*" token="etiam" />
      <w prog="12" form="de" pos="r--------" lemma="de" token="de" />
      <w prog="13" form="ubaldi" pos="n-s---mg-" lemma="ubaldi*" token="Ubaldi" />
      <w prog="14" form="novitate" pos="n-s---fb-" lemma="novitas" token="novitate" />
      <w prog="15" form="," pos="u--------" lemma=",*" token="," />
      <w prog="16" form="quod" pos="c--------" lemma="quod*" token="quod" />
      <w prog="17" form="commodo" pos="n-s---nb-" lemma="commodum" token="commodo" />
      <w prog="18" form="tuo" pos="a-s---nb-" lemma="tuus" token="tuo" />
      <w prog="19" form="fiat" pos="v3spsa---" lemma="fio" token="fiat" />
      <w prog="20" form="," pos="u--------" lemma=",*" token="," />
      <w prog="21" form="quamprimum" pos="a-s---na-" lemma="quamprimum*" token="quamprimum" />
      <w prog="22" form="responde" pos="v2spma---" lemma="respondeo" token="responde" />
      <w prog="23" form="." pos="u--------" lemma=".*" token="." />
    </field>
    <field name="sentence_analysis2">
      <w prog="1" form="bene" pos="d--------&#x9; (d--------)  (d--------) " lemma="bene" token="bene" />
      <w prog="2" form="vale" pos="a-s---nn-&#x9;" lemma="vale*" token="vale" />
      <w prog="3" form=";" pos="v3spia---&#x9;" lemma=";*" token=";" />
      <w prog="4" form="et" pos="c--------&#x9; (c--------) " lemma="et" token="et" />
      <w prog="5" form="nobis" pos="p-p---md-&#x9; (p-p---fb-)  (p-p---fd-)  (p-p---mb-)  (p-p---md-) " lemma="nos" token="nobis" />
      <w prog="6" form="," pos="u--------&#x9;" lemma=",*" token="," />
      <w prog="7" form="tum" pos="d--------&#x9; (d--------) " lemma="tum" token="tum" />
      <w prog="8" form="de" pos="r--------&#x9; (r--------)  (r--------) " lemma="de" token="de" />
      <w prog="9" form="his" pos="p-p---mb-&#x9; (p-p---fb-)  (p-p---fb-)  (p-p---fd-)  (p-p---fd-)  (p-p---mb-)  (p-p---mb-)  (p-p---md-)  (p-p---md-)  (p-p---nb-)  (p-p---nb-)  (p-p---nd-)  (p-p---nd-) " lemma="hic" token="his" />
      <w prog="10" form="tum" pos="d--------&#x9; (d--------) " lemma="tum" token="tum" />
      <w prog="11" form="etiam" pos="d--------&#x9;" lemma="etiam*" token="etiam" />
      <w prog="12" form="de" pos="r--------&#x9; (r--------)  (r--------) " lemma="de" token="de" />
      <w prog="13" form="ubaldi" pos="n-s---mg-&#x9;" lemma="ubaldi*" token="Ubaldi" />
      <w prog="14" form="novitate" pos="n-s---fb-&#x9; (n-s---fb-) " lemma="novitas" token="novitate" />
      <w prog="15" form="," pos="u--------&#x9;" lemma=",*" token="," />
      <w prog="16" form="quod" pos="c--------&#x9;" lemma="quod*" token="quod" />
      <w prog="17" form="commodo" pos="n-s---nb-&#x9; (n-s---nb-)  (n-s---nb-)  (n-s---nd-)  (n-s---nd-) " lemma="commodum" token="commodo" />
      <w prog="18" form="tuo" pos="a-s---nb-&#x9; (a-s---mb-)  (a-s---md-)  (a-s---nb-)  (a-s---nd-) " lemma="tuus" token="tuo" />
      <w prog="19" form="fiat" pos="v3spsa---&#x9; (v3spsa---) " lemma="fio" token="fiat" />
      <w prog="20" form="," pos="u--------&#x9;" lemma=",*" token="," />
      <w prog="21" form="quamprimum" pos="a-s---na-&#x9;" lemma="quamprimum*" token="quamprimum" />
      <w prog="22" form="responde" pos="v2spma---&#x9; (v2spma---) " lemma="respondeo" token="responde" />
      <w prog="23" form="." pos="u--------&#x9;" lemma=".*" token="." />
    </field>
  </doc>
</add>
