<?xml version="1.0" encoding="UTF-8"?>
<add>
  <doc>
    <field name="id">14</field>
    <field name="sentence_txt">Mantua Carpentaniae pridie idus Septembris An. M.D. LXXXXIIX.</field>
    <field name="image_url">http://</field>
    <field name="sentence_id">CTS urn for s_14</field>
    <field name="image_id">CITE urn fors_14</field>
    <field name="info_sentence">additional information for sentence s_14</field>
    <field name="info_image">additional information for image s_14</field>
    <field name="nota">s_14</field>
    <field name="sentence_analysis">
      <w prog="1" form="mantua" pos="n-s---fn-" lemma="mantua*" token="Mantua" />
      <w prog="2" form="carpentaniae" pos="n-s---fg-" lemma="carpentaniae*" token="Carpentaniae" />
      <w prog="3" form="pridie" pos="d--------" lemma="pridie" token="pridie" />
      <w prog="4" form="idus" pos="a-s---mn-" lemma="idus*" token="idus" />
      <w prog="5" form="septembris" pos="n-s---mn-" lemma="September" token="Septembris" />
      <w prog="6" form="an" pos="c--------" lemma="an" token="An" />
      <w prog="7" form="." pos="u--------" lemma=".*" token="." />
      <w prog="8" form="m" pos="---------" lemma="m*" token="M" />
      <w prog="9" form=".d" pos="---------" lemma=".d*" token=".D" />
      <w prog="10" form="." pos="u--------" lemma=".*" token="." />
      <w prog="11" form="lxxxxiix" pos="n-s---mn-" lemma="lxxxxiix*" token="LXXXXIIX" />
      <w prog="12" form="." pos="u--------" lemma=".*" token="." />
    </field>
    <field name="sentence_analysis2">
      <w prog="1" form="mantua" pos="n-s---fn-&#x9;" lemma="mantua*" token="Mantua" />
      <w prog="2" form="carpentaniae" pos="n-s---fg-&#x9;" lemma="carpentaniae*" token="Carpentaniae" />
      <w prog="3" form="pridie" pos="d--------&#x9; (d--------) " lemma="pridie" token="pridie" />
      <w prog="4" form="idus" pos="a-s---mn-&#x9;" lemma="idus*" token="idus" />
      <w prog="5" form="septembris" pos="n-s---mn-&#x9; (n-s---mg-) " lemma="September" token="Septembris" />
      <w prog="6" form="an" pos="c--------&#x9; (c--------)  (c--------)  (c--------)  (c--------)  (c--------)  (c--------)  (c--------)  (c--------)  (c--------) " lemma="an" token="An" />
      <w prog="7" form="." pos="u--------&#x9;" lemma=".*" token="." />
      <w prog="8" form="m" pos="---------&#x9;" lemma="m*" token="M" />
      <w prog="9" form=".d" pos="---------&#x9;" lemma=".d*" token=".D" />
      <w prog="10" form="." pos="u--------&#x9;" lemma=".*" token="." />
      <w prog="11" form="lxxxxiix" pos="n-s---mn-&#x9;" lemma="lxxxxiix*" token="LXXXXIIX" />
      <w prog="12" form="." pos="u--------&#x9;" lemma=".*" token="." />
    </field>
  </doc>
</add>
