<?xml version="1.0" encoding="UTF-8"?>
<add>
  <doc>
    <field name="id">9</field>
    <field name="sentence_txt">Nam quod ad tres quadrantes attinet, concedo omnes esse unum et eundem, sed nego ullum esse quadrantem medium, nisi prius ostendatur punctum g esse in linea iam dicta.</field>
    <field name="image_url">http://</field>
    <field name="sentence_id">CTS urn for s_9</field>
    <field name="image_id">CITE urn fors_9</field>
    <field name="info_sentence">additional information for sentence s_9</field>
    <field name="info_image">additional information for image s_9</field>
    <field name="nota">s_9</field>
    <field name="sentence_analysis">
      <w prog="1" form="nam" pos="c--------" lemma="nam" token="Nam" />
      <w prog="2" form="quod" pos="c--------" lemma="quod*" token="quod" />
      <w prog="3" form="ad" pos="r--------" lemma="ad" token="ad" />
      <w prog="4" form="tres" pos="m--------" lemma="tres" token="tres" />
      <w prog="5" form="quadrantes" pos="n-p---fa-" lemma="quadrantes*" token="quadrantes" />
      <w prog="6" form="attinet" pos="v3spia---" lemma="attineo" token="attinet" />
      <w prog="7" form="," pos="u--------" lemma=",*" token="," />
      <w prog="8" form="concedo" pos="d--------" lemma="concedo*" token="concedo" />
      <w prog="9" form="omnes" pos="a-p---mn-" lemma="omnis" token="omnes" />
      <w prog="10" form="esse" pos="v--pna---" lemma="sum" token="esse" />
      <w prog="11" form="unum" pos="a-s---ma-" lemma="unus" token="unum" />
      <w prog="12" form="et" pos="c--------" lemma="et" token="et" />
      <w prog="13" form="eundem" pos="p-s---ma-" lemma="idem" token="eundem" />
      <w prog="14" form="," pos="u--------" lemma=",*" token="," />
      <w prog="15" form="sed" pos="c--------" lemma="sed" token="sed" />
      <w prog="16" form="nego" pos="n-s---nb-" lemma="nego*" token="nego" />
      <w prog="17" form="ullum" pos="a-s---ma-" lemma="ullus" token="ullum" />
      <w prog="18" form="esse" pos="v--pna---" lemma="sum" token="esse" />
      <w prog="19" form="quadrantem" pos="n-s---ma-" lemma="quadrantem*" token="quadrantem" />
      <w prog="20" form="medium" pos="n-s---ma-" lemma="medius" token="medium" />
      <w prog="21" form="," pos="u--------" lemma=",*" token="," />
      <w prog="22" form="nisi" pos="c--------" lemma="nisi" token="nisi" />
      <w prog="23" form="prius" pos="d--------" lemma="prius*" token="prius" />
      <w prog="24" form="ostendatur" pos="v3spip---" lemma="ostendo" token="ostendatur" />
      <w prog="25" form="punctum" pos="t-srppnn-" lemma="pungo" token="punctum" />
      <w prog="26" form="g" pos="v3spia---" lemma="g*" token="g" />
      <w prog="27" form="esse" pos="v--pna---" lemma="sum" token="esse" />
      <w prog="28" form="in" pos="r--------" lemma="in" token="in" />
      <w prog="29" form="linea" pos="a-s---fb-" lemma="lineus" token="linea" />
      <w prog="30" form="iam" pos="d--------" lemma="iam*" token="iam" />
      <w prog="31" form="dicta" pos="n-p---na-" lemma="dictum" token="dicta" />
      <w prog="32" form="." pos="u--------" lemma=".*" token="." />
    </field>
    <field name="sentence_analysis2">
      <w prog="1" form="nam" pos="c--------&#x9; (c--------) " lemma="nam" token="Nam" />
      <w prog="2" form="quod" pos="c--------&#x9;" lemma="quod*" token="quod" />
      <w prog="3" form="ad" pos="r--------&#x9; (r--------) " lemma="ad" token="ad" />
      <w prog="4" form="tres" pos="m--------&#x9; (m-p---fa-)  (m-p---fn-)  (m-p---ma-)  (m-p---mn-) " lemma="tres" token="tres" />
      <w prog="5" form="quadrantes" pos="n-p---fa-&#x9;" lemma="quadrantes*" token="quadrantes" />
      <w prog="6" form="attinet" pos="v3spia---&#x9; (v3spia---) " lemma="attineo" token="attinet" />
      <w prog="7" form="," pos="u--------&#x9;" lemma=",*" token="," />
      <w prog="8" form="concedo" pos="d--------&#x9;" lemma="concedo*" token="concedo" />
      <w prog="9" form="omnes" pos="a-p---mn-&#x9; (a-p---fa-)  (a-p---fn-)  (a-p---fv-)  (a-p---ma-)  (a-p---mn-)  (a-p---mv-) " lemma="omnis" token="omnes" />
      <w prog="10" form="esse" pos="v--pna---&#x9; (v3saia---)  (v--pna---)  (v--pna---) " lemma="sum" token="esse" />
      <w prog="11" form="unum" pos="a-s---ma-&#x9; (a-p---mg-)  (a-p---mg-)  (a-p---ng-)  (a-p---ng-)  (a-s---ma-)  (a-s---ma-)  (a-s---na-)  (a-s---na-)  (a-s---nn-)  (a-s---nn-)  (a-s---nv-)  (a-s---nv-) " lemma="unus" token="unum" />
      <w prog="12" form="et" pos="c--------&#x9; (c--------) " lemma="et" token="et" />
      <w prog="13" form="eundem" pos="p-s---ma-&#x9; (p-s---ma-) " lemma="idem" token="eundem" />
      <w prog="14" form="," pos="u--------&#x9;" lemma=",*" token="," />
      <w prog="15" form="sed" pos="c--------&#x9; (c--------) " lemma="sed" token="sed" />
      <w prog="16" form="nego" pos="n-s---nb-&#x9;" lemma="nego*" token="nego" />
      <w prog="17" form="ullum" pos="a-s---ma-&#x9; (a-p---mg-)  (a-p---ng-)  (a-s---ma-)  (a-s---na-)  (a-s---nn-)  (a-s---nv-) " lemma="ullus" token="ullum" />
      <w prog="18" form="esse" pos="v--pna---&#x9; (v3saia---)  (v--pna---)  (v--pna---) " lemma="sum" token="esse" />
      <w prog="19" form="quadrantem" pos="n-s---ma-&#x9;" lemma="quadrantem*" token="quadrantem" />
      <w prog="20" form="medium" pos="n-s---ma-&#x9; (n-p---ng-)  (n-s---na-)  (n-s---nn-)  (n-s---nv-)  (n-p---mg-)  (n-p---mg-)  (n-s---ma-)  (n-s---ma-) " lemma="medius" token="medium" />
      <w prog="21" form="," pos="u--------&#x9;" lemma=",*" token="," />
      <w prog="22" form="nisi" pos="c--------&#x9; (c--------) " lemma="nisi" token="nisi" />
      <w prog="23" form="prius" pos="d--------&#x9;" lemma="prius*" token="prius" />
      <w prog="24" form="ostendatur" pos="v3spip---&#x9; (v3spsp---) " lemma="ostendo" token="ostendatur" />
      <w prog="25" form="punctum" pos="t-srppnn-&#x9; (t-pr-pmg-)  (t-pr-png-)  (t-sr-pma-)  (t-sr-pna-)  (t-sr-pnn-)  (t-sr-pnv-) " lemma="pungo" token="punctum" />
      <w prog="26" form="g" pos="v3spia---&#x9;" lemma="g*" token="g" />
      <w prog="27" form="esse" pos="v--pna---&#x9; (v3saia---)  (v--pna---)  (v--pna---) " lemma="sum" token="esse" />
      <w prog="28" form="in" pos="r--------&#x9; (r--------) " lemma="in" token="in" />
      <w prog="29" form="linea" pos="a-s---fb-&#x9; (a-d---fa-)  (a-d---fn-)  (a-d---fv-)  (a-p---na-)  (a-p---nn-)  (a-p---nv-)  (a-s---fn-)  (a-s---fv-)  (a-p---na-)  (a-p---nn-)  (a-p---nv-)  (a-s---fb-)  (a-s---fn-)  (a-s---fv-) " lemma="lineus" token="linea" />
      <w prog="30" form="iam" pos="d--------&#x9;" lemma="iam*" token="iam" />
      <w prog="31" form="dicta" pos="n-p---na-&#x9; (n-p---na-)  (n-p---nn-)  (n-p---nv-) " lemma="dictum" token="dicta" />
      <w prog="32" form="." pos="u--------&#x9;" lemma=".*" token="." />
    </field>
  </doc>
</add>
