<?xml version="1.0" encoding="UTF-8"?>
<add>
  <doc>
    <field name="id">1</field>
    <field name="sentence_txt">Occupationibus tuis Doctissime Clavi parcens, in tertia mea ad te epistola, praesertim vero in secunda illius parte, quae erat de puncto lineae Dinostrati ultimo abs te invento; brevior fortasse fui, quam oportuit, ideoque hac scriptione rem totam paullo uberius, si potero, explicabo.</field>
    <field name="image_url">http://</field>
    <field name="sentence_id">CTS urn for s_1</field>
    <field name="image_id">CITE urn fors_1</field>
    <field name="info_sentence">additional information for sentence s_1</field>
    <field name="info_image">additional information for image s_1</field>
    <field name="nota">s_1</field>
    <field name="sentence_analysis">
      <w prog="1" form="occupationibus" pos="n-p---md-" lemma="occupatio" token="Occupationibus" />
      <w prog="2" form="tuis" pos="a-p---md-" lemma="tuus" token="tuis" />
      <w prog="3" form="doctissime" pos="d--------" lemma="doceo" token="Doctissime" />
      <w prog="4" form="clavi" pos="v1sria---" lemma="clavi*" token="Clavi" />
      <w prog="5" form="parcens" pos="t-sppamn-" lemma="parco" token="parcens" />
      <w prog="6" form="," pos="u--------" lemma=",*" token="," />
      <w prog="7" form="in" pos="r--------" lemma="in" token="in" />
      <w prog="8" form="tertia" pos="a-s---fn-" lemma="tertius" token="tertia" />
      <w prog="9" form="mea" pos="a-s---fb-" lemma="meus" token="mea" />
      <w prog="10" form="ad" pos="r--------" lemma="ad" token="ad" />
      <w prog="11" form="te" pos="p-s---fb-" lemma="tu" token="te" />
      <w prog="12" form="epistola" pos="n-s---fb-" lemma="epistula" token="epistola" />
      <w prog="13" form="," pos="u--------" lemma=",*" token="," />
      <w prog="14" form="praesertim" pos="d--------" lemma="praesertim" token="praesertim" />
      <w prog="15" form="vero" pos="d--------" lemma="vero*" token="vero" />
      <w prog="16" form="in" pos="r--------" lemma="in" token="in" />
      <w prog="17" form="secunda" pos="a-s---fb-" lemma="secundus" token="secunda" />
      <w prog="18" form="illius" pos="p-s---mg-" lemma="ille" token="illius" />
      <w prog="19" form="parte" pos="n-s---fb-" lemma="pars" token="parte" />
      <w prog="20" form="," pos="u--------" lemma=",*" token="," />
      <w prog="21" form="quae" pos="p-s---fn-" lemma="quis" token="quae" />
      <w prog="22" form="erat" pos="v3siia---" lemma="sum" token="erat" />
      <w prog="23" form="de" pos="r--------" lemma="de" token="de" />
      <w prog="24" form="puncto" pos="n-s---mb-" lemma="punctum" token="puncto" />
      <w prog="25" form="lineae" pos="n-s---fg-" lemma="linea" token="lineae" />
      <w prog="26" form="dinostrati" pos="n-s---mg-" lemma="dinostrati*" token="Dinostrati" />
      <w prog="27" form="ultimo" pos="n-s---nb-" lemma="ultimum" token="ultimo" />
      <w prog="28" form="abs" pos="r--------" lemma="abs*" token="abs" />
      <w prog="29" form="te" pos="p-s---ma-" lemma="tu" token="te" />
      <w prog="30" form="invento" pos="n-s---nb-" lemma="inventum" token="invento" />
      <w prog="31" form=";" pos="n-s---mn-" lemma=";*" token=";" />
      <w prog="32" form="brevior" pos="a-s---mnc" lemma="brevis" token="brevior" />
      <w prog="33" form="fortasse" pos="d--------" lemma="fortasse" token="fortasse" />
      <w prog="34" form="fui" pos="v1sria---" lemma="sum" token="fui" />
      <w prog="35" form="," pos="u--------" lemma=",*" token="," />
      <w prog="36" form="quam" pos="d--------" lemma="quam" token="quam" />
      <w prog="37" form="oportuit" pos="v3sria---" lemma="oportet" token="oportuit" />
      <w prog="38" form="," pos="u--------" lemma=",*" token="," />
      <w prog="39" form="ideoque" pos="d--------" lemma="ideo" token="ideoque" />
      <w prog="40" form="hac" pos="p-s---fb-" lemma="hic" token="hac" />
      <w prog="41" form="scriptione" pos="n-s---fb-" lemma="scriptio" token="scriptione" />
      <w prog="42" form="rem" pos="n-s---fa-" lemma="res" token="rem" />
      <w prog="43" form="totam" pos="a-s---fa-" lemma="totus" token="totam" />
      <w prog="44" form="paullo" pos="n-s---mb-" lemma="paulus" token="paullo" />
      <w prog="45" form="uberius" pos="n-s---mn-" lemma="uberius*" token="uberius" />
      <w prog="46" form="," pos="u--------" lemma=",*" token="," />
      <w prog="47" form="si" pos="c--------" lemma="si" token="si" />
      <w prog="48" form="potero" pos="v1sfia---" lemma="possum" token="potero" />
      <w prog="49" form="," pos="u--------" lemma=",*" token="," />
      <w prog="50" form="explicabo" pos="v1sfia---" lemma="explico" token="explicabo" />
      <w prog="51" form="." pos="u--------" lemma=".*" token="." />
    </field>
    <field name="sentence_analysis2">
      <w prog="1" form="occupationibus" pos="n-p---md-&#x9; (n-p---fb-)  (n-p---fd-) " lemma="occupatio" token="Occupationibus" />
      <w prog="2" form="tuis" pos="a-p---md-&#x9; (a-p---fb-)  (a-p---fd-)  (a-p---mb-)  (a-p---md-)  (a-p---nb-)  (a-p---nd-) " lemma="tuus" token="tuis" />
      <w prog="3" form="doctissime" pos="d--------&#x9; (d-------s) " lemma="doceo" token="Doctissime" />
      <w prog="4" form="clavi" pos="v1sria---&#x9;" lemma="clavi*" token="Clavi" />
      <w prog="5" form="parcens" pos="t-sppamn-&#x9; (t-sp--fn-)  (t-sp--fv-)  (t-sp--mn-)  (t-sp--mv-)  (t-sp--na-)  (t-sp--nn-)  (t-sp--nv-) " lemma="parco" token="parcens" />
      <w prog="6" form="," pos="u--------&#x9;" lemma=",*" token="," />
      <w prog="7" form="in" pos="r--------&#x9; (r--------) " lemma="in" token="in" />
      <w prog="8" form="tertia" pos="a-s---fn-&#x9; (a-p---na-)  (a-p---na-)  (a-p---nn-)  (a-p---nn-)  (a-p---nv-)  (a-p---nv-)  (a-s---fb-)  (a-s---fb-)  (a-s---fn-)  (a-s---fn-)  (a-s---fv-)  (a-s---fv-) " lemma="tertius" token="tertia" />
      <w prog="9" form="mea" pos="a-s---fb-&#x9; (a-p---na-)  (a-p---nn-)  (a-p---nv-)  (a-s---fb-)  (a-s---fn-)  (a-s---fv-) " lemma="meus" token="mea" />
      <w prog="10" form="ad" pos="r--------&#x9; (r--------) " lemma="ad" token="ad" />
      <w prog="11" form="te" pos="p-s---fb-&#x9; (p-s----g-)  (p-s----g-)  (p-s---fb-)  (p-s---fa-)  (p-s---mb-)  (p-s---ma-) " lemma="tu" token="te" />
      <w prog="12" form="epistola" pos="n-s---fb-&#x9; (n-s---fb-)  (n-s---fn-)  (n-s---fv-) " lemma="epistula" token="epistola" />
      <w prog="13" form="," pos="u--------&#x9;" lemma=",*" token="," />
      <w prog="14" form="praesertim" pos="d--------&#x9; (d--------) " lemma="praesertim" token="praesertim" />
      <w prog="15" form="vero" pos="d--------&#x9;" lemma="vero*" token="vero" />
      <w prog="16" form="in" pos="r--------&#x9; (r--------) " lemma="in" token="in" />
      <w prog="17" form="secunda" pos="a-s---fb-&#x9; (a-p---na-)  (a-p---nn-)  (a-p---nv-)  (a-s---fb-)  (a-s---fn-)  (a-s---fv-) " lemma="secundus" token="secunda" />
      <w prog="18" form="illius" pos="p-s---mg-&#x9; (p-s---fg-)  (p-s---mg-)  (p-s---ng-) " lemma="ille" token="illius" />
      <w prog="19" form="parte" pos="n-s---fb-&#x9; (n-s---fb-) " lemma="pars" token="parte" />
      <w prog="20" form="," pos="u--------&#x9;" lemma=",*" token="," />
      <w prog="21" form="quae" pos="p-s---fn-&#x9; (p-p---fn-)  (p-p---na-)  (p-p---nn-)  (p-s---fn-)  (p-p---fn-)  (p-p---na-)  (p-p---nn-)  (p-s---fn-)  (p-p---fn-)  (p-p---na-)  (p-p---nn-)  (p-p---fn-)  (p-p---na-)  (p-p---nn-) " lemma="quis" token="quae" />
      <w prog="22" form="erat" pos="v3siia---&#x9; (v3siia---) " lemma="sum" token="erat" />
      <w prog="23" form="de" pos="r--------&#x9; (r--------)  (r--------) " lemma="de" token="de" />
      <w prog="24" form="puncto" pos="n-s---mb-&#x9; (n-s---nb-)  (n-s---nd-) " lemma="punctum" token="puncto" />
      <w prog="25" form="lineae" pos="n-s---fg-&#x9; (n-p---fn-)  (n-p---fv-)  (n-s---fd-)  (n-s---fg-) " lemma="linea" token="lineae" />
      <w prog="26" form="dinostrati" pos="n-s---mg-&#x9;" lemma="dinostrati*" token="Dinostrati" />
      <w prog="27" form="ultimo" pos="n-s---nb-&#x9; (n-s---nb-)  (n-s---nd-) " lemma="ultimum" token="ultimo" />
      <w prog="28" form="abs" pos="r--------&#x9;" lemma="abs*" token="abs" />
      <w prog="29" form="te" pos="p-s---ma-&#x9; (p-s----g-)  (p-s----g-)  (p-s---fb-)  (p-s---fa-)  (p-s---mb-)  (p-s---ma-) " lemma="tu" token="te" />
      <w prog="30" form="invento" pos="n-s---nb-&#x9; (n-s---nb-)  (n-s---nd-) " lemma="inventum" token="invento" />
      <w prog="31" form=";" pos="n-s---mn-&#x9;" lemma=";*" token=";" />
      <w prog="32" form="brevior" pos="a-s---mnc&#x9; (a-s---fnc)  (a-s---fvc)  (a-s---mnc)  (a-s---mvc) " lemma="brevis" token="brevior" />
      <w prog="33" form="fortasse" pos="d--------&#x9; (d--------) " lemma="fortasse" token="fortasse" />
      <w prog="34" form="fui" pos="v1sria---&#x9; (v1sria---) " lemma="sum" token="fui" />
      <w prog="35" form="," pos="u--------&#x9;" lemma=",*" token="," />
      <w prog="36" form="quam" pos="d--------&#x9; (d--------)  (d--------)  (d--------)  (d--------)  (d--------)  (d--------)  (d--------) " lemma="quam" token="quam" />
      <w prog="37" form="oportuit" pos="v3sria---&#x9; (v3sria---) " lemma="oportet" token="oportuit" />
      <w prog="38" form="," pos="u--------&#x9;" lemma=",*" token="," />
      <w prog="39" form="ideoque" pos="d--------&#x9; (d--------) " lemma="ideo" token="ideoque" />
      <w prog="40" form="hac" pos="p-s---fb-&#x9; (p-s---fb-)  (p-s---fb-) " lemma="hic" token="hac" />
      <w prog="41" form="scriptione" pos="n-s---fb-&#x9; (n-s---fb-) " lemma="scriptio" token="scriptione" />
      <w prog="42" form="rem" pos="n-s---fa-&#x9; (n-s---fa-)  (n-s---fa-) " lemma="res" token="rem" />
      <w prog="43" form="totam" pos="a-s---fa-&#x9; (a-s---fa-) " lemma="totus" token="totam" />
      <w prog="44" form="paullo" pos="n-s---mb-&#x9; (n-s---mb-)  (n-s---md-) " lemma="paulus" token="paullo" />
      <w prog="45" form="uberius" pos="n-s---mn-&#x9;" lemma="uberius*" token="uberius" />
      <w prog="46" form="," pos="u--------&#x9;" lemma=",*" token="," />
      <w prog="47" form="si" pos="c--------&#x9; (c--------)  (c--------)  (c--------)  (c--------)  (c--------) " lemma="si" token="si" />
      <w prog="48" form="potero" pos="v1sfia---&#x9; (v1sfia---) " lemma="possum" token="potero" />
      <w prog="49" form="," pos="u--------&#x9;" lemma=",*" token="," />
      <w prog="50" form="explicabo" pos="v1sfia---&#x9; (v1sfia---)  (v1sfia---) " lemma="explico" token="explicabo" />
      <w prog="51" form="." pos="u--------&#x9;" lemma=".*" token="." />
    </field>
  </doc>
</add>
