<?xml version="1.0" encoding="UTF-8"?>
<add>
  <doc>
    <field name="id">13</field>
    <field name="sentence_txt">bene vale; et nobis, tum de his tum etiam de Ubaldi novitate, quod commodo tuo fiat, quamprimum responde.</field>
    <field name="image_url">http://</field>
    <field name="sentence_id">CTS urn for s_13</field>
    <field name="image_id">CITE urn fors_13</field>
    <field name="info_sentence">additional information for sentence s_13</field>
    <field name="info_image">additional information for image s_13</field>
    <field name="nota">s_13</field>
    <field name="sentence_analysis">
      <w prog="1" form="bene" pos="d--------" lemma="bene" token="bene" />
      <w prog="2" form="vale" pos="a-s---nn-" lemma="vale*" token="vale" />
      <w prog="3" form=";" pos="v3spia---" lemma=";*" token=";" />
      <w prog="4" form="et" pos="c--------" lemma="et" token="et" />
      <w prog="5" form="nobis" pos="p-p---md-" lemma="nos" token="nobis" />
      <w prog="6" form="," pos="u--------" lemma=",*" token="," />
      <w prog="7" form="tum" pos="d--------" lemma="tum" token="tum" />
      <w prog="8" form="de" pos="r--------" lemma="de" token="de" />
      <w prog="9" form="his" pos="p-p---mb-" lemma="hic" token="his" />
      <w prog="10" form="tum" pos="d--------" lemma="tum" token="tum" />
      <w prog="11" form="etiam" pos="d--------" lemma="etiam*" token="etiam" />
      <w prog="12" form="de" pos="r--------" lemma="de" token="de" />
      <w prog="13" form="ubaldi" pos="n-s---mg-" lemma="ubaldi*" token="Ubaldi" />
      <w prog="14" form="novitate" pos="n-s---fb-" lemma="novitas" token="novitate" />
      <w prog="15" form="," pos="u--------" lemma=",*" token="," />
      <w prog="16" form="quod" pos="c--------" lemma="quod*" token="quod" />
      <w prog="17" form="commodo" pos="n-s---nb-" lemma="commodum" token="commodo" />
      <w prog="18" form="tuo" pos="a-s---nb-" lemma="tuus" token="tuo" />
      <w prog="19" form="fiat" pos="v3spsa---" lemma="fio" token="fiat" />
      <w prog="20" form="," pos="u--------" lemma=",*" token="," />
      <w prog="21" form="quamprimum" pos="a-s---na-" lemma="quamprimum*" token="quamprimum" />
      <w prog="22" form="responde" pos="v2spma---" lemma="respondeo" token="responde" />
      <w prog="23" form="." pos="u--------" lemma=".*" token="." />
    </field>
    <field name="sentence_analysis2">
      <w prog="1" form="bene" pos="d--------&#x9; (d--------)  (d--------) " lemma="bene" token="bene" />
      <w prog="2" form="vale" pos="a-s---nn-&#x9;" lemma="vale*" token="vale" />
      <w prog="3" form=";" pos="v3spia---&#x9;" lemma=";*" token=";" />
      <w prog="4" form="et" pos="c--------&#x9; (c--------) " lemma="et" token="et" />
      <w prog="5" form="nobis" pos="p-p---md-&#x9; (p-p---fb-)  (p-p---fd-)  (p-p---mb-)  (p-p---md-) " lemma="nos" token="nobis" />
      <w prog="6" form="," pos="u--------&#x9;" lemma=",*" token="," />
      <w prog="7" form="tum" pos="d--------&#x9; (d--------) " lemma="tum" token="tum" />
      <w prog="8" form="de" pos="r--------&#x9; (r--------)  (r--------) " lemma="de" token="de" />
      <w prog="9" form="his" pos="p-p---mb-&#x9; (p-p---fb-)  (p-p---fb-)  (p-p---fd-)  (p-p---fd-)  (p-p---mb-)  (p-p---mb-)  (p-p---md-)  (p-p---md-)  (p-p---nb-)  (p-p---nb-)  (p-p---nd-)  (p-p---nd-) " lemma="hic" token="his" />
      <w prog="10" form="tum" pos="d--------&#x9; (d--------) " lemma="tum" token="tum" />
      <w prog="11" form="etiam" pos="d--------&#x9;" lemma="etiam*" token="etiam" />
      <w prog="12" form="de" pos="r--------&#x9; (r--------)  (r--------) " lemma="de" token="de" />
      <w prog="13" form="ubaldi" pos="n-s---mg-&#x9;" lemma="ubaldi*" token="Ubaldi" />
      <w prog="14" form="novitate" pos="n-s---fb-&#x9; (n-s---fb-) " lemma="novitas" token="novitate" />
      <w prog="15" form="," pos="u--------&#x9;" lemma=",*" token="," />
      <w prog="16" form="quod" pos="c--------&#x9;" lemma="quod*" token="quod" />
      <w prog="17" form="commodo" pos="n-s---nb-&#x9; (n-s---nb-)  (n-s---nb-)  (n-s---nd-)  (n-s---nd-) " lemma="commodum" token="commodo" />
      <w prog="18" form="tuo" pos="a-s---nb-&#x9; (a-s---mb-)  (a-s---md-)  (a-s---nb-)  (a-s---nd-) " lemma="tuus" token="tuo" />
      <w prog="19" form="fiat" pos="v3spsa---&#x9; (v3spsa---) " lemma="fio" token="fiat" />
      <w prog="20" form="," pos="u--------&#x9;" lemma=",*" token="," />
      <w prog="21" form="quamprimum" pos="a-s---na-&#x9;" lemma="quamprimum*" token="quamprimum" />
      <w prog="22" form="responde" pos="v2spma---&#x9; (v2spma---) " lemma="respondeo" token="responde" />
      <w prog="23" form="." pos="u--------&#x9;" lemma=".*" token="." />
    </field>
  </doc>
</add>
