<?xml version="1.0" encoding="UTF-8"?>
<add>
  <doc>
    <field name="id">11</field>
    <field name="sentence_txt">Quia si, ut ratio naturalis docet, propter quod unum quodque tale fuerit illud magis est tale; et punctum g ut iam docui, est incertum, multo incertius erit punctum e cum huius veritas ex illius veritate dependeat.</field>
    <field name="image_url">http://</field>
    <field name="sentence_id">CTS urn for s_11</field>
    <field name="image_id">CITE urn fors_11</field>
    <field name="info_sentence">additional information for sentence s_11</field>
    <field name="info_image">additional information for image s_11</field>
    <field name="nota">s_11</field>
    <field name="sentence_analysis">
      <w prog="1" form="quia" pos="c--------" lemma="quia" token="Quia" />
      <w prog="2" form="si" pos="c--------" lemma="si" token="si" />
      <w prog="3" form="," pos="u--------" lemma=",*" token="," />
      <w prog="4" form="ut" pos="c--------" lemma="ut*" token="ut" />
      <w prog="5" form="ratio" pos="n-s---fn-" lemma="ratio" token="ratio" />
      <w prog="6" form="naturalis" pos="a-s---fn-" lemma="naturalis" token="naturalis" />
      <w prog="7" form="docet" pos="v3spia---" lemma="doceo" token="docet" />
      <w prog="8" form="," pos="u--------" lemma=",*" token="," />
      <w prog="9" form="propter" pos="r--------" lemma="propter" token="propter" />
      <w prog="10" form="quod" pos="p-s---na-" lemma="qui" token="quod" />
      <w prog="11" form="unum" pos="a-s---na-" lemma="unus" token="unum" />
      <w prog="12" form="quodque" pos="p-s---na-" lemma="quisque" token="quodque" />
      <w prog="13" form="tale" pos="a-s---na-" lemma="talis" token="tale" />
      <w prog="14" form="fuerit" pos="v3srsa---" lemma="sum" token="fuerit" />
      <w prog="15" form="illud" pos="p-s---nn-" lemma="ille" token="illud" />
      <w prog="16" form="magis" pos="d--------" lemma="magnus" token="magis" />
      <w prog="17" form="est" pos="v3spia---" lemma="sum" token="est" />
      <w prog="18" form="tale" pos="a-s---na-" lemma="talis" token="tale" />
      <w prog="19" form=";" pos="n-s---fa-" lemma=";*" token=";" />
      <w prog="20" form="et" pos="c--------" lemma="et" token="et" />
      <w prog="21" form="punctum" pos="t-srppnn-" lemma="pungo" token="punctum" />
      <w prog="22" form="g" pos="v3spia---" lemma="g*" token="g" />
      <w prog="23" form="ut" pos="c--------" lemma="ut*" token="ut" />
      <w prog="24" form="iam" pos="d--------" lemma="iam*" token="iam" />
      <w prog="25" form="docui" pos="v1sria---" lemma="doceo" token="docui" />
      <w prog="26" form="," pos="u--------" lemma=",*" token="," />
      <w prog="27" form="est" pos="v3spia---" lemma="sum" token="est" />
      <w prog="28" form="incertum" pos="n-s---ma-" lemma="incertum" token="incertum" />
      <w prog="29" form="," pos="u--------" lemma=",*" token="," />
      <w prog="30" form="multo" pos="d--------" lemma="multo*" token="multo" />
      <w prog="31" form="incertius" pos="d--------" lemma="incertus" token="incertius" />
      <w prog="32" form="erit" pos="v3sfia---" lemma="sum" token="erit" />
      <w prog="33" form="punctum" pos="n-s---na-" lemma="pungo" token="punctum" />
      <w prog="34" form="e" pos="r--------" lemma="ex" token="e" />
      <w prog="35" form="cum" pos="r--------" lemma="cum" token="cum" />
      <w prog="36" form="huius" pos="p-s---fg-" lemma="hic" token="huius" />
      <w prog="37" form="veritas" pos="n-s---fn-" lemma="veritas*" token="veritas" />
      <w prog="38" form="ex" pos="r--------" lemma="ex" token="ex" />
      <w prog="39" form="illius" pos="p-s---mg-" lemma="ille" token="illius" />
      <w prog="40" form="veritate" pos="n-s---fb-" lemma="veritas" token="veritate" />
      <w prog="41" form="dependeat" pos="v3spsa---" lemma="dependeo" token="dependeat" />
      <w prog="42" form="." pos="u--------" lemma=".*" token="." />
    </field>
    <field name="sentence_analysis2">
      <w prog="1" form="quia" pos="c--------&#x9; (c--------) " lemma="quia" token="Quia" />
      <w prog="2" form="si" pos="c--------&#x9; (c--------)  (c--------)  (c--------)  (c--------)  (c--------) " lemma="si" token="si" />
      <w prog="3" form="," pos="u--------&#x9;" lemma=",*" token="," />
      <w prog="4" form="ut" pos="c--------&#x9;" lemma="ut*" token="ut" />
      <w prog="5" form="ratio" pos="n-s---fn-&#x9; (n-s---fn-)  (n-s---fv-) " lemma="ratio" token="ratio" />
      <w prog="6" form="naturalis" pos="a-s---fn-&#x9; (a-p---fa-)  (a-p---ma-)  (a-s---fg-)  (a-s---fn-)  (a-s---fv-)  (a-s---mg-)  (a-s---mn-)  (a-s---mv-)  (a-s---ng-) " lemma="naturalis" token="naturalis" />
      <w prog="7" form="docet" pos="v3spia---&#x9; (v2pasa---)  (v2pfia---)  (v3sasm---)  (v3sfim---)  (v3spia---) " lemma="doceo" token="docet" />
      <w prog="8" form="," pos="u--------&#x9;" lemma=",*" token="," />
      <w prog="9" form="propter" pos="r--------&#x9; (r--------)  (r--------) " lemma="propter" token="propter" />
      <w prog="10" form="quod" pos="p-s---na-&#x9; (p-s---na-)  (p-s---nn-)  (p-s---na-)  (p-s---nn-) " lemma="qui" token="quod" />
      <w prog="11" form="unum" pos="a-s---na-&#x9; (a-p---mg-)  (a-p---mg-)  (a-p---ng-)  (a-p---ng-)  (a-s---ma-)  (a-s---ma-)  (a-s---na-)  (a-s---na-)  (a-s---nn-)  (a-s---nn-)  (a-s---nv-)  (a-s---nv-) " lemma="unus" token="unum" />
      <w prog="12" form="quodque" pos="p-s---na-&#x9; (p-s---na-)  (p-s---nn-) " lemma="quisque" token="quodque" />
      <w prog="13" form="tale" pos="a-s---na-&#x9; (a-s---na-)  (a-s---nn-)  (a-s---nv-) " lemma="talis" token="tale" />
      <w prog="14" form="fuerit" pos="v3srsa---&#x9; (v3stia---)  (v3srsa---) " lemma="sum" token="fuerit" />
      <w prog="15" form="illud" pos="p-s---nn-&#x9; (p-s---na-)  (p-s---nn-) " lemma="ille" token="illud" />
      <w prog="16" form="magis" pos="d--------&#x9; (d--------)  (d--------)  (d--------) " lemma="magnus" token="magis" />
      <w prog="17" form="est" pos="v3spia---&#x9; (v2ppma---)  (v2ppia---)  (v3sfim---)  (v3spia---)  (v3slip---)  (v1sria---)  (v3sria---)  (v2ppma---)  (v2ppia---)  (v3sfim---)  (v3spia---)  (v3spia---)  (v3spia---) " lemma="sum" token="est" />
      <w prog="18" form="tale" pos="a-s---na-&#x9; (a-s---na-)  (a-s---nn-)  (a-s---nv-) " lemma="talis" token="tale" />
      <w prog="19" form=";" pos="n-s---fa-&#x9;" lemma=";*" token=";" />
      <w prog="20" form="et" pos="c--------&#x9; (c--------) " lemma="et" token="et" />
      <w prog="21" form="punctum" pos="t-srppnn-&#x9; (t-pr-pmg-)  (t-pr-png-)  (t-sr-pma-)  (t-sr-pna-)  (t-sr-pnn-)  (t-sr-pnv-) " lemma="pungo" token="punctum" />
      <w prog="22" form="g" pos="v3spia---&#x9;" lemma="g*" token="g" />
      <w prog="23" form="ut" pos="c--------&#x9;" lemma="ut*" token="ut" />
      <w prog="24" form="iam" pos="d--------&#x9;" lemma="iam*" token="iam" />
      <w prog="25" form="docui" pos="v1sria---&#x9; (v1sria---) " lemma="doceo" token="docui" />
      <w prog="26" form="," pos="u--------&#x9;" lemma=",*" token="," />
      <w prog="27" form="est" pos="v3spia---&#x9; (v2ppma---)  (v2ppia---)  (v3sfim---)  (v3spia---)  (v3slip---)  (v1sria---)  (v3sria---)  (v2ppma---)  (v2ppia---)  (v3sfim---)  (v3spia---)  (v3spia---)  (v3spia---) " lemma="sum" token="est" />
      <w prog="28" form="incertum" pos="n-s---ma-&#x9; (n-p---ng-)  (n-p---ng-)  (n-s---na-)  (n-s---na-)  (n-s---nn-)  (n-s---nn-)  (n-s---nv-)  (n-s---nv-) " lemma="incertum" token="incertum" />
      <w prog="29" form="," pos="u--------&#x9;" lemma=",*" token="," />
      <w prog="30" form="multo" pos="d--------&#x9;" lemma="multo*" token="multo" />
      <w prog="31" form="incertius" pos="d--------&#x9; (d-------c) " lemma="incertus" token="incertius" />
      <w prog="32" form="erit" pos="v3sfia---&#x9; (v3sfia---) " lemma="sum" token="erit" />
      <w prog="33" form="punctum" pos="n-s---na-&#x9; (n-p---ng-)  (n-s---na-)  (n-s---nn-)  (n-s---nv-)  (n-s-u-nn-) " lemma="pungo" token="punctum" />
      <w prog="34" form="e" pos="r--------&#x9; (r--------) " lemma="ex" token="e" />
      <w prog="35" form="cum" pos="r--------&#x9; (r--------)  (r--------) " lemma="cum" token="cum" />
      <w prog="36" form="huius" pos="p-s---fg-&#x9; (p-s---fg-)  (p-s---fg-)  (p-s---mg-)  (p-s---mg-)  (p-s---ng-)  (p-s---ng-) " lemma="hic" token="huius" />
      <w prog="37" form="veritas" pos="n-s---fn-&#x9;" lemma="veritas*" token="veritas" />
      <w prog="38" form="ex" pos="r--------&#x9; (r--------) " lemma="ex" token="ex" />
      <w prog="39" form="illius" pos="p-s---mg-&#x9; (p-s---fg-)  (p-s---mg-)  (p-s---ng-) " lemma="ille" token="illius" />
      <w prog="40" form="veritate" pos="n-s---fb-&#x9; (n-s---fb-) " lemma="veritas" token="veritate" />
      <w prog="41" form="dependeat" pos="v3spsa---&#x9; (v3spsa---) " lemma="dependeo" token="dependeat" />
      <w prog="42" form="." pos="u--------&#x9;" lemma=".*" token="." />
    </field>
  </doc>
</add>
