<?xml version="1.0" encoding="UTF-8"?>
<add>
  <doc>
    <field name="id">4</field>
    <field name="sentence_txt">Esse autem illud idem punctum g in linea Dinostrati, ex sola positione, sine ulla ratione geometrica discimus.</field>
    <field name="image_url">http://</field>
    <field name="sentence_id">CTS urn for s_4</field>
    <field name="image_id">CITE urn fors_4</field>
    <field name="info_sentence">additional information for sentence s_4</field>
    <field name="info_image">additional information for image s_4</field>
    <field name="nota">s_4</field>
    <field name="sentence_analysis">
      <w prog="1" form="esse" pos="v--pna---" lemma="sum" token="Esse" />
      <w prog="2" form="autem" pos="c--------" lemma="autem" token="autem" />
      <w prog="3" form="illud" pos="p-s---na-" lemma="ille" token="illud" />
      <w prog="4" form="idem" pos="p-s---na-" lemma="idem" token="idem" />
      <w prog="5" form="punctum" pos="a-s---na-" lemma="punctum*" token="punctum" />
      <w prog="6" form="g" pos="n-s---mn-" lemma="g*" token="g" />
      <w prog="7" form="in" pos="r--------" lemma="in" token="in" />
      <w prog="8" form="linea" pos="a-s---fb-" lemma="lineus" token="linea" />
      <w prog="9" form="dinostrati" pos="n-s---mg-" lemma="dinostrati*" token="Dinostrati" />
      <w prog="10" form="," pos="u--------" lemma=",*" token="," />
      <w prog="11" form="ex" pos="r--------" lemma="ex" token="ex" />
      <w prog="12" form="sola" pos="a-s---fb-" lemma="solus" token="sola" />
      <w prog="13" form="positione" pos="n-s---fb-" lemma="positio" token="positione" />
      <w prog="14" form="," pos="u--------" lemma=",*" token="," />
      <w prog="15" form="sine" pos="r--------" lemma="sine" token="sine" />
      <w prog="16" form="ulla" pos="a-s---fb-" lemma="ullus" token="ulla" />
      <w prog="17" form="ratione" pos="n-s---fb-" lemma="ratio" token="ratione" />
      <w prog="18" form="geometrica" pos="a-s---fb-" lemma="geometricus" token="geometrica" />
      <w prog="19" form="discimus" pos="t-srppmn-" lemma="discimus*" token="discimus" />
      <w prog="20" form="." pos="u--------" lemma=".*" token="." />
    </field>
    <field name="sentence_analysis2">
      <w prog="1" form="esse" pos="v--pna---&#x9; (v3saia---)  (v--pna---)  (v--pna---) " lemma="sum" token="Esse" />
      <w prog="2" form="autem" pos="c--------&#x9; (c--------) " lemma="autem" token="autem" />
      <w prog="3" form="illud" pos="p-s---na-&#x9; (p-s---na-)  (p-s---nn-) " lemma="ille" token="illud" />
      <w prog="4" form="idem" pos="p-s---na-&#x9; (p-s---mn-)  (p-s---na-)  (p-s---nn-) " lemma="idem" token="idem" />
      <w prog="5" form="punctum" pos="a-s---na-&#x9;" lemma="punctum*" token="punctum" />
      <w prog="6" form="g" pos="n-s---mn-&#x9;" lemma="g*" token="g" />
      <w prog="7" form="in" pos="r--------&#x9; (r--------) " lemma="in" token="in" />
      <w prog="8" form="linea" pos="a-s---fb-&#x9; (a-d---fa-)  (a-d---fn-)  (a-d---fv-)  (a-p---na-)  (a-p---nn-)  (a-p---nv-)  (a-s---fn-)  (a-s---fv-)  (a-p---na-)  (a-p---nn-)  (a-p---nv-)  (a-s---fb-)  (a-s---fn-)  (a-s---fv-) " lemma="lineus" token="linea" />
      <w prog="9" form="dinostrati" pos="n-s---mg-&#x9;" lemma="dinostrati*" token="Dinostrati" />
      <w prog="10" form="," pos="u--------&#x9;" lemma=",*" token="," />
      <w prog="11" form="ex" pos="r--------&#x9; (r--------) " lemma="ex" token="ex" />
      <w prog="12" form="sola" pos="a-s---fb-&#x9; (a-p---na-)  (a-p---nn-)  (a-p---nv-)  (a-s---fb-)  (a-s---fn-) " lemma="solus" token="sola" />
      <w prog="13" form="positione" pos="n-s---fb-&#x9; (n-s---fb-) " lemma="positio" token="positione" />
      <w prog="14" form="," pos="u--------&#x9;" lemma=",*" token="," />
      <w prog="15" form="sine" pos="r--------&#x9; (r--------) " lemma="sine" token="sine" />
      <w prog="16" form="ulla" pos="a-s---fb-&#x9; (a-p---na-)  (a-p---nn-)  (a-p---nv-)  (a-s---fb-)  (a-s---fn-)  (a-s---fv-) " lemma="ullus" token="ulla" />
      <w prog="17" form="ratione" pos="n-s---fb-&#x9; (n-s---fb-) " lemma="ratio" token="ratione" />
      <w prog="18" form="geometrica" pos="a-s---fb-&#x9; (a-p---na-)  (a-p---nn-)  (a-p---nv-)  (a-s---fb-)  (a-s---fn-)  (a-s---fv-) " lemma="geometricus" token="geometrica" />
      <w prog="19" form="discimus" pos="t-srppmn-&#x9;" lemma="discimus*" token="discimus" />
      <w prog="20" form="." pos="u--------&#x9;" lemma=".*" token="." />
    </field>
  </doc>
</add>
